vessel_file_id,vessel_class,leg_sequence,period_month,voyage_number,from_port,to_port,available_ports,available_priced_ports,consumption,rob_start_observed,rob_end_observed,model_purchase_qty,model_external_qty,model_external_cost,model_inventory_end,inventory_end_minus_observed,capacity,data_quality_flag
C001-1,C001,1,2025-01,VG001,P009,P059,P009|P059,,194.8,708.8,543.7,0,0.0,0.0,514.0,-29.7,2087.006,ok
C001-1,C001,2,2025-01,VG001,P059,P059,P059,,2.6,541.2,541.1,0,0.0,0.0,511.4,-29.7,2087.006,ok
C001-1,C001,3,2025-01,VG002,P059,P060,P059|P060,,9.2,540.6,531.9,0,0.0,0.0,502.2,-29.7,2087.006,ok
C001-1,C001,4,2025-01,VG002,P060,P060,P060,,106.26,529.5,1328.16,0,0.0,0.0,395.94,-932.22,2087.006,ok
C001-1,C001,5,2025-01,VG003,P060,P064,P060|P064,,35.1,1324.46,1294.06,0,0.0,0.0,360.84,-933.22,2087.006,ok
C001-1,C001,6,2025-01,VG003,P064,P064,P064,,13.4,1290.26,1281.56,0,0.0,0.0,347.44,-934.12,2087.006,ok
C001-1,C001,7,2025-01,VG004,P064,P058,P058|P064,,12.0,1279.06,1264.79,0,0.0,0.0,335.44,-929.35,2087.006,ok
C001-1,C001,8,2025-02,VG004,P058,P058,P058,,4.23,1261.29,1260.56,0,0.0,0.0,331.21,-929.35,2087.006,ok
C001-1,C001,9,2025-02,VG005,P058,P015,P015|P058,,421.96,1259.36,838.6,0,90.75,69229.96,0.0,-838.6,2087.006,ok
C001-1,C001,10,2025-02,VG005,P015,P015,P015,,4.8,835.1,833.8,0,4.8,3661.75,0.0,-833.8,2087.006,ok
C001-1,C001,11,2025-02,VG006,P015,P014,P014|P015,,119.6,833.5,714.2,0,119.6,91238.61,0.0,-714.2,2087.006,ok
C001-1,C001,12,2025-03,VG006,P014,P014,P014,,28.8,710.9,685.4,0,28.8,21970.5,0.0,-685.4,2087.006,ok
C001-1,C001,13,2025-03,VG007,P014,P006,P006|P014,,87.7,684.7,597.7,0,206.0,157150.11,118.3,-479.4,2087.006,ok
C001-1,C001,14,2025-03,VG007,P006,P006,P006,,74.6,597.3,524.3,0,0.0,0.0,43.7,-480.6,2087.006,ok
C001-1,C001,15,2025-03,VG008,P006,P012,P006|P012,,43.7,515.1,482.3,0,0.0,0.0,0.0,-482.3,2087.006,ok
C001-1,C001,16,2025-03,VG008,P012,P012,P012,,10.5,479.5,473.0,0,147.3,112369.96,136.8,-336.2,2087.006,ok
C001-1,C001,17,2025-03,VG009,P012,P011,P011|P012,,60.3,471.6,415.1,0,0.0,0.0,76.5,-338.6,2087.006,ok
C001-1,C001,18,2025-03,VG009,P011,P011,P011,,13.0,410.1,403.7,0,0.0,0.0,63.5,-340.2,2087.006,ok
C001-1,C001,19,2025-04,VG010,P011,P014,P011|P014,,63.5,401.6,352.2,0,0.0,0.0,0.0,-352.2,2087.006,ok
C001-1,C001,20,2025-04,VG010,P014,P014,P014,,21.2,1226.6,1215.0,0,21.2,16172.73,0.0,-1215.0,2087.006,ok
C001-1,C001,21,2025-04,VG011,P014,P010,P010|P014,,259.7,1213.6,980.3,0,723.6,552008.84,463.9,-516.4,2087.006,ok
C001-1,C001,22,2025-04,VG011,P010,P010,P010,,16.2,976.5,968.6,0,0.0,0.0,447.7,-520.9,2087.006,ok
C001-1,C001,23,2025-04,VG012,P010,P062,P010|P062,,447.7,967.5,586.7,0,0.0,0.0,0.0,-586.7,2087.006,ok
C001-1,C001,24,2025-05,VG012,P062,P062,P062,,151.9,585.6,857.7,0,1448.7,1105161.98,1296.8,439.1,2087.006,ok
C001-1,C001,25,2025-05,VG013,P062,P064,P062|P064,,90.3,851.1,773.4,0,0.0,0.0,1206.5,433.1,2087.006,ok
C001-1,C001,26,2025-05,VG013,P064,P064,P064,,9.8,769.3,763.5,0,0.0,0.0,1196.7,433.2,2087.006,ok
C001-1,C001,27,2025-05,VG014,P064,P059,P059|P064,,14.1,760.9,749.4,0,0.0,0.0,1182.6,433.2,2087.006,ok
C001-1,C001,28,2025-05,VG014,P059,P059,P059,,11.0,747.2,738.4,0,0.0,0.0,1171.6,433.2,2087.006,ok
C001-1,C001,29,2025-05,VG015,P059,P060,P059|P060,,12.4,737.7,726.0,0,0.0,0.0,1159.2,433.2,2087.006,ok
C001-1,C001,30,2025-05,VG015,P060,P060,P060,,23.0,725.7,1002.8,0,0.0,0.0,1136.2,133.4,2087.006,ok
C001-1,C001,31,2025-05,VG016,P060,P069,P060|P069,,770.8,999.5,232.0,0,0.0,0.0,365.4,133.4,2087.006,ok
C001-1,C001,32,2025-06,VG016,P069,P069,P069,,1.5,231.6,730.3,0,0.0,0.0,363.9,-366.4,2087.006,ok
C001-1,C001,33,2025-06,VG017,P069,P037,P037|P069,,348.6,729.9,381.7,0,0.0,0.0,15.3,-366.4,2087.006,ok
C001-1,C001,34,2025-07,VG017,P037,P037,P037,,15.3,375.3,366.4,0,0.0,0.0,0.0,-366.4,2087.006,ok
C001-1,C001,35,2025-07,VG018,P037,P053,P037|P053,,145.2,365.7,1197.3,0,669.0,510356.43,523.8,-673.5,2087.006,ok
C001-1,C001,36,2025-07,VG018,P053,P053,P053,,27.1,1237.5,1174.0,0,0.0,0.0,496.7,-677.3,2087.006,ok
C001-1,C001,37,2025-07,VG019,P053,P025,P025|P053,,486.2,1172.9,687.8,0,0.0,0.0,10.5,-677.3,2087.006,ok
C001-1,C001,38,2025-08,VG019,P025,P025,P025,,10.5,687.4,677.3,0,0.0,0.0,0.0,-677.3,2087.006,ok
C001-1,C001,39,2025-08,VG020,P025,P026,P025|P026,,62.8,676.5,614.5,0,1869.7,1426327.98,1806.9,1192.4,2087.006,ok
C001-1,C001,40,2025-08,VG020,P026,P026,P026,,144.4,610.2,480.0,0,0.0,0.0,1662.5,1182.5,2087.006,ok
C001-1,C001,41,2025-09,VG021,P026,P043,P026|P043,,35.1,474.9,444.9,0,0.0,0.0,1627.4,1182.5,2087.006,ok
C001-1,C001,42,2025-09,VG021,P043,P043,P043,,3.3,444.6,441.6,0,0.0,0.0,1624.1,1182.5,2087.006,ok
C001-1,C001,43,2025-09,VG022,P043,P044,P043|P044,,41.0,440.6,400.6,0,0.0,0.0,1583.1,1182.5,2087.006,ok
C001-1,C001,44,2025-09,VG022,P044,P044,P044,,51.2,400.0,899.4,0,0.0,0.0,1531.9,632.5,2087.006,ok
C001-1,C001,45,2025-09,VG023,P044,P038,P038|P044,,462.0,898.9,437.4,0,0.0,0.0,1069.9,632.5,2087.006,ok
C001-1,C001,46,2025-10,VG023,P038,P038,P038,,28.9,433.1,408.5,0,0.0,0.0,1041.0,632.5,2087.006,ok
C001-1,C001,47,2025-10,VG024,P038,P037,P037|P038,,34.3,408.0,374.2,0,0.0,0.0,1006.7,632.5,2087.006,ok
C001-1,C001,48,2025-10,VG024,P037,P037,P037,,9.2,369.5,365.0,0,0.0,0.0,997.5,632.5,2087.006,ok
C001-1,C001,49,2025-10,VG025,P037,P035,P035|P037,,61.7,364.7,303.3,0,0.0,0.0,935.8,632.5,2087.006,ok
C001-1,C001,50,2025-10,VG025,P035,P035,P035,,8.4,299.9,294.9,0,0.0,0.0,927.4,632.5,2087.006,ok
C001-1,C001,51,2025-10,VG026,P035,P053,P035|P053,,101.8,294.2,193.1,0,0.0,0.0,825.6,632.5,2087.006,ok
C001-1,C001,52,2025-10,VG026,P053,P053,P053,,7.5,191.7,185.6,0,0.0,0.0,818.1,632.5,2087.006,ok
C001-1,C001,53,2025-11,VG027,P053,P054,P053|P054,,393.7,185.3,873.7,0,0.0,0.0,424.4,-449.3,2087.006,missing_rob
C001-1,C001,54,2025-11,VG027,P054,P054,P054,,7.8,146.5,868.6,0,0.0,0.0,416.6,-452.0,2087.006,ok
C001-1,C001,55,2025-11,VG028,P054,P024,P024|P054,,260.6,867.9,608.0,0,0.0,0.0,156.0,-452.0,2087.006,ok
C001-1,C001,56,2025-11,VG028,P024,P024,P024,,29.0,602.5,579.0,0,0.0,0.0,127.0,-452.0,2087.006,ok
C001-1,C001,57,2025-12,VG029,P024,P045,P024|P045,,72.5,571.7,506.5,0,0.0,0.0,54.5,-452.0,2087.006,ok
C001-1,C001,58,2025-12,VG029,P045,P045,P045,,24.6,505.9,481.9,0,0.0,0.0,29.9,-452.0,2087.006,ok
C001-1,C001,59,2025-12,VG030,P045,P044,P044|P045,,11.3,480.9,470.6,0,0.0,0.0,18.6,-452.0,2087.006,ok
C001-1,C001,60,2025-12,VG030,P044,P044,P044,,18.6,466.9,452.0,0,0.0,0.0,0.0,-452.0,2087.006,ok
C001-1,C001,61,2025-12,VG031,P044,P004,P004|P044,P004,206.0,451.0,246.0,206.0,0.0,0.0,0.0,-246.0,2087.006,ok
C001-1,C001,62,2025-12,VG031,P004,P004,P004,P004,12.5,1320.1,1311.9,12.5,0.0,0.0,0.0,-1311.9,2087.006,ok
C001-1,C001,63,2025-12,VG032,P004,P038,P004|P038,P004,97.7,1311.3,1214.2,97.7,0.0,0.0,0.0,-1214.2,2087.006,ok
C001-2,C001,1,2025-01,VG033,P007,P007,P007,,15.4,74.0,70.4,0,0.0,0.0,58.6,-11.8,2087.006,ok
C001-2,C001,2,2025-01,VG034,P007,P003,P003|P007,P003,12.4,63.4,58.9,0,0.0,0.0,46.2,-12.7,2087.006,ok
C001-2,C001,3,2025-01,VG034,P003,P003,P003,P003,45.1,58.5,1551.9,0,0.0,0.0,1.1,-1550.8,2087.006,ok
C001-2,C001,4,2025-01,VG035,P003,P003,P003,P003,3.9,1566.4,1566.4,2.8,0.0,0.0,0.0,-1566.4,2087.006,ok
C001-2,C001,5,2025-01,VG036,P003,P060,P003|P060,P003,552.5,1547.9,999.4,1299.7,0.0,0.0,747.2,-252.2,2087.006,ok
C001-2,C001,6,2025-01,VG036,P060,P060,P060,,45.8,998.4,956.9,0,0.0,0.0,701.4,-255.5,2087.006,ok
C001-2,C001,7,2025-02,VG037,P060,P049,P049|P060,,540.3,951.9,460.8,0,0.0,0.0,161.1,-299.7,2087.006,ok
C001-2,C001,8,2025-02,VG037,P049,P049,P049,,161.1,455.7,1378.7,0,0.0,0.0,0.0,-1378.7,2087.006,ok
C001-2,C001,9,2025-03,VG038,P049,P003,P003|P049,P003,22.5,1378.5,1357.5,22.5,0.0,0.0,0.0,-1357.5,2087.006,ok
C001-2,C001,10,2025-03,VG038,P003,P003,P003,P003,23.5,1356.9,1335.9,2087.006,0.0,0.0,2063.506,727.606,2087.006,ok
C001-2,C001,11,2025-03,VG039,P003,P007,P003|P007,P003,19.7,1334.2,1317.5,0,0.0,0.0,2043.806,726.306,2087.006,ok
C001-2,C001,12,2025-03,VG039,P007,P007,P007,,75.25,1314.0,1463.9,0,0.0,0.0,1968.556,504.656,2087.006,ok
C001-2,C001,13,2025-03,VG040,P007,P067,P007|P067,,435.4,1456.2,1029.8,0,0.0,0.0,1533.156,503.356,2087.006,ok
C001-2,C001,14,2025-04,VG040,P067,P067,P067,,6.6,1024.3,1023.2,0,0.0,0.0,1526.556,503.356,2087.006,ok
C001-2,C001,15,2025-04,VG041,P067,P060,P060|P067,,70.2,1020.6,953.0,0,0.0,0.0,1456.356,503.356,2087.006,ok
C001-2,C001,16,2025-04,VG041,P060,P060,P060,,59.4,949.6,1093.6,0,0.0,0.0,1396.956,303.356,2087.006,ok
C001-2,C001,17,2025-04,VG042,P060,P007,P007|P060,,504.2,1090.6,607.5,0,0.0,0.0,892.756,285.256,2087.006,ok
C001-2,C001,18,2025-05,VG042,P007,P007,P007,,132.1,602.8,787.3,0,0.0,0.0,760.656,-26.644,2087.006,ok
C001-2,C001,19,2025-05,VG043,P007,P003,P003|P007,P003,22.5,785.2,767.0,0,0.0,0.0,738.156,-28.844,2087.006,ok
C001-2,C001,20,2025-05,VG043,P003,P003,P003,P003,29.6,764.5,933.6,1348.85,0.0,0.0,2057.406,1123.806,2087.006,ok
C001-2,C001,21,2025-05,VG044,P003,P061,P003|P061,P003,381.8,932.1,560.7,29.6,0.0,0.0,1705.206,1144.506,2087.006,ok
C001-2,C001,22,2025-06,VG044,P061,P061,P061,,4.7,560.6,557.0,0,0.0,0.0,1700.506,1143.506,2087.006,ok
C001-2,C001,23,2025-06,VG045,P061,P057,P057|P061,,143.5,554.2,415.1,0,0.0,0.0,1557.006,1141.906,2087.006,ok
C001-2,C001,24,2025-06,VG045,P057,P057,P057,,17.6,409.8,399.0,0,0.0,0.0,1539.406,1140.406,2087.006,ok
C001-2,C001,25,2025-06,VG046,P057,P059,P057|P059,,70.5,387.6,328.5,0,0.0,0.0,1468.906,1140.406,2087.006,ok
C001-2,C001,26,2025-06,VG046,P059,P059,P059,,10.4,327.8,318.1,0,48.494,36994.36,1507.0,1188.9,2087.006,ok
C001-2,C001,27,2025-06,VG047,P059,P060,P059|P060,,9.8,317.4,308.3,0,0.0,0.0,1497.2,1188.9,2087.006,ok
C001-2,C001,28,2025-06,VG047,P060,P060,P060,,77.9,308.2,436.8,0,0.0,0.0,1419.3,982.5,2087.006,ok
C001-2,C001,29,2025-07,VG048,P060,P039,P039|P060,,897.7,431.8,445.9,0,0.0,0.0,521.6,75.7,2087.006,ok
C001-2,C001,30,2025-08,VG048,P039,P039,P039,,22.5,445.2,427.2,0,0.0,0.0,499.1,71.9,2087.006,ok
C001-2,C001,31,2025-08,VG049,P039,P044,P039|P044,,72.4,425.1,357.4,0,0.0,0.0,426.7,69.3,2087.006,ok
C001-2,C001,32,2025-08,VG049,P044,P044,P044,,77.0,356.4,440.6,0,0.0,0.0,349.7,-90.9,2087.006,ok
C001-2,C001,33,2025-08,VG050,P044,P021,P021|P044,,67.7,438.3,374.1,0,0.0,0.0,282.0,-92.1,2087.006,ok
C001-2,C001,34,2025-08,VG050,P021,P021,P021,,79.9,369.0,541.6,0,0.0,0.0,202.1,-339.5,2087.006,ok
C001-2,C001,35,2025-09,VG051,P021,P031,P021|P031,,202.1,528.9,339.5,0,0.0,0.0,0.0,-339.5,2087.006,ok
C001-2,C001,36,2025-09,VG051,P031,P031,P031,,6.6,339.4,333.3,0,48.8,37227.79,42.2,-291.1,2087.006,ok
C001-2,C001,37,2025-09,VG052,P031,P032,P031|P032,,20.8,330.1,312.5,0,0.0,0.0,21.4,-291.1,2087.006,ok
C001-2,C001,38,2025-09,VG052,P032,P032,P032,,21.4,311.9,292.6,0,0.0,0.0,0.0,-292.6,2087.006,ok
C001-2,C001,39,2025-10,VG053,P032,P004,P004|P032,P004,10.3,289.1,282.3,10.3,0.0,0.0,0.0,-282.3,2087.006,ok
C001-2,C001,40,2025-10,VG053,P004,P004,P004,P004,12.9,279.2,1419.1,70.4,0.0,0.0,57.5,-1361.6,2087.006,ok
C001-2,C001,41,2025-10,VG054,P004,P034,P004|P034,P004,10.6,1418.9,1397.9,0,0.0,0.0,46.9,-1351.0,2087.006,ok
C001-2,C001,42,2025-10,VG054,P034,P034,P034,,26.2,1409.8,1384.1,0,0.0,0.0,20.7,-1363.4,2087.006,ok
C001-2,C001,43,2025-10,VG055,P034,P048,P034|P048,,16.25,1381.3,1368.2,0,0.0,0.0,4.45,-1363.75,2087.006,ok
C001-2,C001,44,2025-10,VG055,P048,P048,P048,,4.45,1367.7,1364.1,0,0.0,0.0,0.0,-1364.1,2087.006,ok
C001-2,C001,45,2025-10,VG056,P048,P004,P004|P048,P004,2.5,1362.7,1361.7,2087.006,0.0,0.0,2084.506,722.806,2087.006,ok
C001-2,C001,46,2025-10,VG056,P004,P004,P004,P004,0.5,1361.2,1361.2,2.5,0.0,0.0,2086.506,725.306,2087.006,ok
C001-2,C001,47,2025-10,VG057,P004,P033,P004|P033,P004,63.9,1360.8,1297.4,0.5,0.0,0.0,2023.106,725.706,2087.006,ok
C001-2,C001,48,2025-10,VG057,P033,P033,P033,,19.4,1294.8,1281.3,0,0.0,0.0,2003.706,722.406,2087.006,ok
C001-2,C001,49,2025-10,VG058,P033,P011,P011|P033,,1057.8,1279.8,923.5,0,40.894,31196.59,986.8,63.3,2087.006,ok
C001-2,C001,50,2025-11,VG058,P011,P011,P011,,38.7,915.6,894.8,0,0.0,0.0,948.1,53.3,2087.006,ok
C001-2,C001,51,2025-11,VG059,P011,P063,P011|P063,,545.8,893.2,392.3,0,0.0,0.0,402.3,10.0,2087.006,ok
C001-2,C001,52,2025-12,VG059,P063,P063,P063,,37.9,389.9,363.5,0,0.0,0.0,364.4,0.9,2087.006,ok
C001-2,C001,53,2025-12,VG060,P063,P062,P062|P063,,221.0,360.5,154.0,0,0.0,0.0,143.4,-10.6,2087.006,ok
C001-2,C001,54,2025-12,VG060,P062,P062,P062,,5.7,151.5,1149.1,0,0.0,0.0,137.7,-1011.4,2087.006,ok
C001-2,C001,55,2025-12,VG061,P062,P047,P047|P062,,72.1,1143.0,1078.8,0,0.0,0.0,65.6,-1013.2,2087.006,ok
C001-2,C001,56,2025-12,VG061,P047,P047,P047,,10.7,1076.0,1068.4,0,0.0,0.0,54.9,-1013.5,2087.006,ok
C001-2,C001,57,2025-12,VG062,P047,P060,P047|P060,,54.9,1067.8,1013.5,0,0.0,0.0,0.0,-1013.5,2087.006,ok
C002-1,C002,1,2025-01,VG063,P053,P001,P001|P053,P001,36.0,545.8,537.7,0,0.0,0.0,509.8,-27.9,2061.43,ok
C002-1,C002,2,2025-01,VG063,P001,P001,P001,P001,1.8,1323.6,1323.4,0,0.0,0.0,508.0,-815.4,2061.43,ok
C002-1,C002,3,2025-01,VG064,P001,P069,P001|P069,P001,347.0,1323.0,976.4,565.6,0.0,0.0,726.6,-249.8,2061.43,ok
C002-1,C002,4,2025-01,VG064,P069,P069,P069,,38.9,974.1,937.5,0,0.0,0.0,687.7,-249.8,2061.43,ok
C002-1,C002,5,2025-01,VG065,P069,P070,P069|P070,,19.2,937.3,919.3,0,0.0,0.0,668.5,-250.8,2061.43,ok
C002-1,C002,6,2025-01,VG065,P070,P070,P070,,13.1,919.2,908.3,0,0.0,0.0,655.4,-252.9,2061.43,ok
C002-1,C002,7,2025-01,VG066,P070,P007,P007|P070,,627.0,908.1,284.0,0,0.0,0.0,28.4,-255.6,2061.43,ok
C002-1,C002,8,2025-02,VG066,P007,P007,P007,,28.4,282.9,435.67,0,0.0,0.0,0.0,-435.67,2061.43,ok
C002-1,C002,9,2025-02,VG067,P007,P003,P003|P007,P003,20.9,432.87,414.77,20.9,0.0,0.0,0.0,-414.77,2061.43,ok
C002-1,C002,10,2025-02,VG067,P003,P003,P003,P003,55.7,410.87,1386.26,1910.13,0.0,0.0,1854.43,468.17,2061.43,ok
C002-1,C002,11,2025-03,VG068,P003,P029,P003|P029,P003,34.7,1383.56,1351.56,0,0.0,0.0,1819.73,468.17,2061.43,ok
C002-1,C002,12,2025-03,VG068,P029,P029,P029,,9.3,1346.46,1342.26,0,0.0,0.0,1810.43,468.17,2061.43,ok
C002-1,C002,13,2025-03,VG069,P029,P069,P029|P069,,693.62,1340.16,679.65,0,0.0,0.0,1116.81,437.16,2061.43,ok
C002-1,C002,14,2025-04,VG069,P069,P069,P069,,39.76,679.05,646.42,0,0.0,0.0,1077.05,430.63,2061.43,ok
C002-1,C002,15,2025-04,VG070,P069,P040,P040|P069,,171.39,646.02,476.13,0,0.0,0.0,905.66,429.53,2061.43,ok
C002-1,C002,16,2025-04,VG070,P040,P040,P040,,7.35,470.33,469.18,0,0.0,0.0,898.31,429.13,2061.43,ok
C002-1,C002,17,2025-04,VG071,P040,P070,P040|P070,,153.39,468.58,315.79,0,0.0,0.0,744.92,429.13,2061.43,ok
C002-1,C002,18,2025-04,VG071,P070,P070,P070,,12.2,315.49,303.59,0,0.0,0.0,732.72,429.13,2061.43,ok
C002-1,C002,19,2025-04,VG072,P070,P069,P069|P070,,12.74,303.19,290.85,0,0.0,0.0,719.98,429.13,2061.43,ok
C002-1,C002,20,2025-04,VG072,P069,P069,P069,,13.8,289.55,926.97,0,0.0,0.0,706.18,-220.79,2061.43,ok
C002-1,C002,21,2025-04,VG073,P069,P007,P007|P069,,623.38,926.57,306.69,0,0.0,0.0,82.8,-223.89,2061.43,ok
C002-1,C002,22,2025-05,VG073,P007,P007,P007,,41.4,303.89,1005.42,0,0.0,0.0,41.4,-964.02,2061.43,ok
C002-1,C002,23,2025-05,VG074,P007,P003,P003|P007,P003,41.4,997.22,964.02,0,0.0,0.0,0.0,-964.02,2061.43,ok
C002-1,C002,24,2025-05,VG074,P003,P003,P003,P003,17.3,961.82,946.72,17.3,0.0,0.0,0.0,-946.72,2061.43,ok
C002-1,C002,25,2025-05,VG075,P003,P063,P003|P063,P003,335.87,945.22,608.71,2061.43,0.0,0.0,1725.56,1116.85,2061.43,ok
C002-1,C002,26,2025-06,VG075,P063,P063,P063,,20.5,605.51,588.21,0,0.0,0.0,1705.06,1116.85,2061.43,ok
C002-1,C002,27,2025-06,VG076,P063,P065,P063|P065,,205.68,585.31,382.53,0,0.0,0.0,1499.38,1116.85,2061.43,ok
C002-1,C002,28,2025-06,VG076,P065,P065,P065,,8.98,380.83,373.55,0,0.0,0.0,1490.4,1116.85,2061.43,ok
C002-1,C002,29,2025-06,VG077,P065,P058,P058|P065,,32.63,371.95,340.92,0,0.0,0.0,1457.77,1116.85,2061.43,ok
C002-1,C002,30,2025-06,VG077,P058,P058,P058,,5.22,338.22,535.69,0,0.0,0.0,1452.55,916.86,2061.43,ok
C002-1,C002,31,2025-06,VG078,P058,P060,P058|P060,,27.12,534.29,508.57,0,0.0,0.0,1425.43,916.86,2061.43,ok
C002-1,C002,32,2025-07,VG078,P060,P060,P060,,37.0,507.07,826.77,0,0.0,0.0,1388.43,561.66,2061.43,ok
C002-1,C002,33,2025-07,VG079,P060,P007,P007|P060,,441.87,823.47,384.9,0,0.0,0.0,946.56,561.66,2061.43,ok
C002-1,C002,34,2025-07,VG079,P007,P007,P007,,28.24,381.1,1391.52,0,0.0,0.0,918.32,-473.2,2061.43,ok
C002-1,C002,35,2025-07,VG080,P007,P003,P003|P007,P003,22.1,1388.32,1370.75,0,0.0,0.0,896.22,-474.53,2061.43,ok
C002-1,C002,36,2025-07,VG080,P003,P003,P003,P003,14.0,1366.52,1355.42,0,0.0,0.0,882.22,-473.2,2061.43,ok
C002-1,C002,37,2025-08,VG081,P003,P008,P003|P008,P003,26.3,1354.12,1329.12,1179.21,0.0,0.0,2035.13,706.01,2061.43,ok
C002-1,C002,38,2025-08,VG081,P008,P008,P008,,7.4,1466.77,1461.47,0,0.0,0.0,2027.73,566.26,2061.43,ok
C002-1,C002,39,2025-08,VG082,P008,P030,P008|P030,,67.4,1453.77,1395.57,0,0.0,0.0,1960.33,564.76,2061.43,ok
C002-1,C002,40,2025-08,VG082,P030,P030,P030,,13.0,1390.87,1382.57,0,0.0,0.0,1947.33,564.76,2061.43,ok
C002-1,C002,41,2025-08,VG083,P030,P066,P030|P066,,992.9,1380.07,951.22,0,0.0,0.0,954.43,3.21,2061.43,ok
C002-1,C002,42,2025-09,VG083,P066,P066,P066,,76.1,950.52,887.22,0,0.0,0.0,878.33,-8.89,2061.43,ok
C002-1,C002,43,2025-09,VG084,P066,P045,P045|P066,,555.8,883.82,331.42,0,956.27,729504.55,1278.8,947.38,2061.43,ok
C002-1,C002,44,2025-10,VG084,P045,P045,P045,,10.2,330.32,521.22,0,0.0,0.0,1268.6,747.38,2061.43,ok
C002-1,C002,45,2025-10,VG085,P045,P022,P022|P045,,71.2,1320.02,1250.02,0,0.0,0.0,1197.4,-52.62,2061.43,ok
C002-1,C002,46,2025-10,VG085,P022,P022,P022,,8.7,1247.12,1241.32,0,0.0,0.0,1188.7,-52.62,2061.43,ok
C002-1,C002,47,2025-10,VG086,P022,P046,P022|P046,,682.7,1232.22,556.82,0,0.0,0.0,506.0,-50.82,2061.43,ok
C002-1,C002,48,2025-11,VG086,P046,P046,P046,,82.7,556.32,474.12,0,0.0,0.0,423.3,-50.82,2061.43,ok
C002-1,C002,49,2025-12,VG087,P046,P064,P046|P064,,293.3,473.82,406.85,0,0.0,0.0,130.0,-276.85,2061.43,ok
C002-1,C002,50,2025-12,VG087,P064,P064,P064,,13.0,406.55,393.85,0,0.0,0.0,117.0,-276.85,2061.43,ok
C002-1,C002,51,2025-12,VG088,P064,P059,P059|P064,,15.6,390.95,378.25,0,0.0,0.0,101.4,-276.85,2061.43,ok
C002-1,C002,52,2025-12,VG088,P059,P059,P059,,8.5,375.65,369.75,0,0.0,0.0,92.9,-276.85,2061.43,ok
C002-1,C002,53,2025-12,VG089,P059,P036,P036|P059,,92.9,368.55,276.85,0,0.0,0.0,0.0,-276.85,2061.43,ok
C003-1,C003,1,2025-01,VG090,P051,P051,P051,,129.28,589.92,650.88,0,0.0,0.0,460.64,-190.24,1533.719,ok
C003-1,C003,2,2025-01,VG090,P027,P051,P027|P051,,90.46,717.84,657.78,0,0.0,0.0,370.18,-287.6,1533.719,ok
C003-1,C003,3,2025-01,VG091,P051,P017,P017|P051,,74.78,648.42,586.7,0,0.0,0.0,295.4,-291.3,1533.719,ok
C003-1,C003,4,2025-01,VG091,P017,P017,P017,,7.01,582.68,581.79,0,0.0,0.0,288.39,-293.4,1533.719,ok
C003-1,C003,5,2025-01,VG092,P017,P018,P017|P018,,52.6,581.61,535.29,0,0.0,0.0,235.79,-299.5,1533.719,ok
C003-1,C003,6,2025-01,VG092,P018,P018,P018,,22.84,530.63,518.05,0,0.0,0.0,212.95,-305.1,1533.719,ok
C003-1,C003,7,2025-02,VG093,P018,P019,P018|P019,,13.8,517.75,504.25,0,0.0,0.0,199.15,-305.1,1533.719,ok
C003-1,C003,8,2025-02,VG093,P019,P019,P019,,13.8,500.5,490.45,0,0.0,0.0,185.35,-305.1,1533.719,ok
C003-1,C003,9,2025-02,VG094,P019,P028,P019|P028,,128.52,490.25,361.93,0,0.0,0.0,56.83,-305.1,1533.719,ok
C003-1,C003,10,2025-02,VG094,P028,P028,P028,,14.4,359.03,347.53,0,0.0,0.0,42.43,-305.1,1533.719,ok
C003-1,C003,11,2025-02,VG095,P028,P050,P028|P050,,59.86,344.13,287.67,0,17.43,13296.73,0.0,-287.67,1533.719,ok
C003-1,C003,12,2025-02,VG095,P050,P050,P050,,28.29,284.78,259.38,0,28.29,21581.44,0.0,-259.38,1533.719,ok
C003-1,C003,13,2025-03,VG096,P050,P060,P050|P060,,110.1,259.2,465.44,0,110.1,83991.39,0.0,-465.44,1533.719,ok
C003-1,C003,14,2025-03,VG096,P060,P060,P060,,18.5,464.34,446.94,0,18.5,14113.0,0.0,-446.94,1533.719,ok
C003-1,C003,15,2025-03,VG097,P060,P059,P059|P060,,6.7,444.64,440.24,0,6.7,5111.19,0.0,-440.24,1533.719,ok
C003-1,C003,16,2025-03,VG097,P059,P059,P059,,11.02,439.44,429.22,0,11.02,8406.77,0.0,-429.22,1533.719,ok
C003-1,C003,17,2025-03,VG098,P059,P039,P039|P059,,707.41,428.62,311.87,0,707.41,539658.06,0.0,-311.87,1533.719,ok
C003-1,C003,18,2025-04,VG098,P039,P039,P039,,3.9,309.47,309.07,0,224.13,170980.85,220.23,-88.84,1533.719,ok
C003-1,C003,19,2025-04,VG099,P039,P044,P039|P044,,58.6,307.77,255.47,0,0.0,0.0,161.63,-93.84,1533.719,ok
C003-1,C003,20,2025-04,VG099,P044,P044,P044,,27.0,254.27,378.47,0,0.0,0.0,134.63,-243.84,1533.719,ok
C003-1,C003,21,2025-05,VG100,P044,P021,P021|P044,,47.95,377.47,330.52,0,0.0,0.0,86.68,-243.84,1533.719,ok
C003-1,C003,22,2025-05,VG100,P021,P021,P021,,49.32,326.22,285.1,0,0.0,0.0,37.36,-247.74,1533.719,ok
C003-1,C003,23,2025-06,VG101,P021,P042,P021|P042,,31.48,278.42,253.62,0,0.0,0.0,5.88,-247.74,1533.719,ok
C003-1,C003,24,2025-06,VG101,P042,P042,P042,,5.88,253.54,247.74,0,0.0,0.0,0.0,-247.74,1533.719,ok
C003-1,C003,25,2025-06,VG102,P042,P041,P041|P042,,7.54,247.34,240.2,0,82.04,62585.41,74.5,-165.7,1533.719,ok
C003-1,C003,26,2025-06,VG102,P041,P041,P041,,4.0,436.6,436.6,0,0.0,0.0,70.5,-366.1,1533.719,ok
C003-1,C003,27,2025-06,VG103,P041,P023,P023|P041,,53.3,435.4,391.9,0,0.0,0.0,17.2,-374.7,1533.719,ok
C003-1,C003,28,2025-06,VG103,P023,P023,P023,,17.2,387.8,378.8,0,0.0,0.0,0.0,-378.8,1533.719,ok
C003-1,C003,29,2025-06,VG104,P023,P004,P004|P023,P004,339.0,377.6,785.48,1533.719,0.0,0.0,1194.719,409.239,1533.719,ok
C003-1,C003,30,2025-06,VG104,P004,P004,P004,P004,23.4,781.98,768.38,0,0.0,0.0,1171.319,402.939,1533.719,ok
C003-1,C003,31,2025-06,VG105,P004,P045,P004|P045,P004,157.88,767.88,610.5,362.4,0.0,0.0,1375.839,765.339,1533.719,ok
C003-1,C003,32,2025-07,VG105,P045,P045,P045,,5.9,608.6,604.6,0,157.88,120441.07,1527.819,923.219,1533.719,ok
C003-1,C003,33,2025-07,VG106,P045,P055,P045|P055,,158.1,603.8,446.5,0,0.0,0.0,1369.719,923.219,1533.719,ok
C003-1,C003,34,2025-07,VG106,P055,P055,P055,,13.8,443.1,432.7,0,0.0,0.0,1355.919,923.219,1533.719,ok
C003-1,C003,35,2025-07,VG107,P055,P070,P055|P070,,396.99,432.4,742.3,0,0.0,0.0,958.929,216.629,1533.719,ok
C003-1,C003,36,2025-07,VG107,P070,P070,P070,,14.0,1089.39,971.58,0,353.341,269551.35,1298.27,326.69,1533.719,ok
C003-1,C003,37,2025-08,VG108,P070,P007,P007|P070,,528.78,971.28,455.7,0,0.0,0.0,769.49,313.79,1533.719,ok
C003-1,C003,38,2025-09,VG108,P007,P007,P007,,159.97,455.1,788.82,0,0.0,0.0,609.52,-179.3,1533.719,ok
C003-1,C003,39,2025-10,VG109,P007,P017,P007|P017,,527.92,783.92,552.0,0,0.0,0.0,81.6,-470.4,1533.719,ok
C003-1,C003,40,2025-11,VG109,P017,P017,P017,,8.4,549.9,543.6,0,0.0,0.0,73.2,-470.4,1533.719,ok
C003-1,C003,41,2025-11,VG110,P017,P016,P016|P017,,73.2,543.3,470.4,0,0.0,0.0,0.0,-470.4,1533.719,ok
C003-1,C003,42,2025-11,VG110,P016,P016,P016,,15.1,470.0,455.3,0,334.8,255407.08,319.7,-135.6,1533.719,ok
C003-1,C003,43,2025-11,VG111,P016,P060,P016|P060,,279.42,455.1,375.4,0,0.0,0.0,40.28,-335.12,1533.719,ok
C003-1,C003,44,2025-12,VG111,P060,P060,P060,,40.28,373.5,805.07,0,0.0,0.0,0.0,-805.07,1533.719,ok
C004-1,C004,1,2025-01,VG112,P059,P014,P014|P059,,395.58,846.52,500.79,0,0.0,0.0,450.94,-49.85,1907.08,ok
C004-1,C004,2,2025-01,VG112,P014,P014,P014,,48.79,496.42,1160.37,0,0.0,0.0,402.15,-758.22,1907.08,ok
C004-1,C004,3,2025-01,VG113,P014,P013,P013|P014,,23.77,1159.92,1136.6,0,0.0,0.0,378.38,-758.22,1907.08,ok
C004-1,C004,4,2025-01,VG113,P013,P013,P013,,3.93,1135.97,1132.67,0,0.0,0.0,374.45,-758.22,1907.08,ok
C004-1,C004,5,2025-01,VG114,P013,P006,P006|P013,,96.07,1132.01,1037.6,0,0.0,0.0,278.38,-759.22,1907.08,ok
C004-1,C004,6,2025-01,VG114,P006,P006,P006,,27.03,1036.97,1011.07,0,0.0,0.0,251.35,-759.72,1907.08,ok
C004-1,C004,7,2025-01,VG115,P006,P060,P006|P060,,485.78,1007.57,525.29,0,234.43,178838.35,0.0,-525.29,1907.08,ok
C004-1,C004,8,2025-02,VG115,P060,P060,P060,,44.51,525.05,942.94,0,44.51,33955.1,0.0,-942.94,1907.08,ok
C004-1,C004,9,2025-02,VG116,P060,P007,P007|P060,,582.17,937.94,412.02,0,582.17,444116.9,0.0,-412.02,1907.08,ok
C004-1,C004,10,2025-03,VG116,P007,P007,P007,,56.53,408.92,365.72,0,56.53,43124.74,0.0,-365.72,1907.08,ok
C004-1,C004,11,2025-03,VG117,P007,P003,P003|P007,P003,23.87,356.83,341.85,1907.08,0.0,0.0,1883.21,1541.36,1907.08,ok
C004-1,C004,12,2025-03,VG117,P003,P003,P003,P003,14.68,335.07,327.17,23.87,0.0,0.0,1892.4,1565.23,1907.08,ok
C004-1,C004,13,2025-03,VG118,P003,P052,P003|P052,P003,70.53,326.57,256.64,14.68,0.0,0.0,1836.55,1579.91,1907.08,ok
C004-1,C004,14,2025-03,VG118,P052,P052,P052,,21.87,256.24,234.77,0,0.0,0.0,1814.68,1579.91,1907.08,ok
C004-1,C004,15,2025-04,VG119,P052,P057,P052|P057,,480.18,234.24,721.51,0,0.0,0.0,1334.5,612.99,1907.08,ok
C004-1,C004,16,2025-04,VG119,P057,P057,P057,,9.76,208.77,715.49,0,0.0,0.0,1324.74,609.25,1907.08,ok
C004-1,C004,17,2025-05,VG120,P057,P060,P057|P060,,39.94,708.31,675.55,0,0.0,0.0,1284.8,609.25,1907.08,ok
C004-1,C004,18,2025-05,VG120,P060,P060,P060,,75.03,672.22,950.52,0,0.0,0.0,1209.77,259.25,1907.08,ok
C004-1,C004,19,2025-05,VG121,P060,P059,P059|P060,,11.51,947.36,939.01,0,0.0,0.0,1198.26,259.25,1907.08,ok
C004-1,C004,20,2025-05,VG121,P059,P059,P059,,14.38,938.69,924.63,0,0.0,0.0,1183.88,259.25,1907.08,ok
C004-1,C004,21,2025-05,VG122,P059,P015,P015|P059,,370.0,923.61,558.43,0,0.0,0.0,813.88,255.45,1907.08,ok
C004-1,C004,22,2025-06,VG122,P015,P015,P015,,6.52,556.32,552.91,0,0.0,0.0,807.36,254.45,1907.08,ok
C004-1,C004,23,2025-06,VG123,P015,P009,P009|P015,,38.36,552.49,515.25,0,0.0,0.0,769.0,253.75,1907.08,ok
C004-1,C004,24,2025-06,VG123,P009,P009,P009,,9.94,512.6,507.01,0,0.0,0.0,759.06,252.05,1907.08,ok
C004-1,C004,25,2025-06,VG124,P009,P014,P009|P014,,102.21,505.58,1035.58,0,0.0,0.0,656.85,-378.73,1907.08,ok
C004-1,C004,26,2025-06,VG124,P014,P014,P014,,90.54,420.7,1029.43,0,0.0,0.0,566.31,-463.12,1907.08,ok
C004-1,C004,27,2025-07,VG125,P014,P012,P012|P014,,66.23,1023.84,968.7,0,0.0,0.0,500.08,-468.62,1907.08,ok
C004-1,C004,28,2025-07,VG125,P012,P012,P012,,6.94,963.66,963.26,0,0.0,0.0,493.14,-470.12,1907.08,ok
C004-1,C004,29,2025-07,VG126,P012,P006,P006|P012,,58.39,962.68,909.57,0,0.0,0.0,434.75,-474.82,1907.08,ok
C004-1,C004,30,2025-07,VG126,P006,P006,P006,,15.46,908.84,895.31,0,0.0,0.0,419.29,-476.02,1907.08,ok
C004-1,C004,31,2025-07,VG127,P006,P013,P006|P013,,133.01,889.71,763.8,0,0.0,0.0,286.28,-477.52,1907.08,ok
C004-1,C004,32,2025-07,VG127,P013,P013,P013,,11.95,760.5,751.85,0,0.0,0.0,274.33,-477.52,1907.08,ok
C004-1,C004,33,2025-07,VG128,P013,P015,P013|P015,,86.91,750.31,664.94,0,0.0,0.0,187.42,-477.52,1907.08,ok
C004-1,C004,34,2025-08,VG128,P015,P015,P015,,12.9,664.51,1302.26,0,0.0,0.0,174.52,-1127.74,1907.08,ok
C004-1,C004,35,2025-08,VG129,P015,P009,P009|P015,,47.83,1301.74,1254.43,0,0.0,0.0,126.69,-1127.74,1907.08,ok
C004-1,C004,36,2025-08,VG129,P009,P009,P009,,4.77,1251.88,1249.66,0,1780.39,1358196.54,1902.31,652.65,1907.08,ok
C004-1,C004,37,2025-08,VG130,P009,P014,P009|P014,,81.55,1248.25,1168.11,0,0.0,0.0,1820.76,652.65,1907.08,ok
C004-1,C004,38,2025-08,VG130,P014,P014,P014,,8.4,1164.81,1159.71,0,0.0,0.0,1812.36,652.65,1907.08,ok
C004-1,C004,39,2025-08,VG131,P014,P060,P014|P060,,422.16,1157.76,737.55,0,0.0,0.0,1390.2,652.65,1907.08,ok
C004-1,C004,40,2025-09,VG131,P060,P060,P060,,95.62,735.25,1241.93,0,0.0,0.0,1294.58,52.65,1907.08,ok
C004-1,C004,41,2025-09,VG132,P060,P009,P009|P060,,369.52,1237.73,878.61,0,0.0,0.0,925.06,46.45,1907.08,ok
C004-1,C004,42,2025-10,VG132,P009,P009,P009,,10.42,876.29,870.09,0,0.0,0.0,914.64,44.55,1907.08,ok
C004-1,C004,43,2025-10,VG133,P009,P014,P009|P014,,86.71,868.45,786.88,0,0.0,0.0,827.93,41.05,1907.08,ok
C004-1,C004,44,2025-10,VG133,P014,P014,P014,,40.11,783.29,1394.41,0,0.0,0.0,787.82,-606.59,1907.08,ok
C004-1,C004,45,2025-10,VG134,P014,P013,P013|P014,,32.17,1393.38,1390.96,0,0.0,0.0,755.65,-635.31,1907.08,ok
C004-1,C004,46,2025-10,VG134,P013,P013,P013,,7.58,1357.64,1356.15,0,0.0,0.0,748.07,-608.08,1907.08,ok
C004-1,C004,47,2025-10,VG135,P013,P006,P006|P013,,108.35,1356.94,1253.51,0,0.0,0.0,639.72,-613.79,1907.08,ok
C004-1,C004,48,2025-10,VG135,P006,P006,P006,,23.36,1248.32,1232.15,0,0.0,0.0,616.36,-615.79,1907.08,ok
C004-1,C004,49,2025-10,VG136,P006,P060,P006|P060,,463.0,1229.61,769.15,0,0.0,0.0,153.36,-615.79,1907.08,ok
C004-1,C004,50,2025-11,VG136,P060,P060,P060,,96.37,768.83,1177.28,0,0.0,0.0,56.99,-1120.29,1907.08,ok
C004-1,C004,51,2025-12,VG137,P060,P064,P060|P064,,27.34,1173.18,1150.94,0,0.0,0.0,29.65,-1121.29,1907.08,ok
C004-1,C004,52,2025-12,VG137,P064,P064,P064,,10.74,1150.62,1141.7,0,0.0,0.0,18.91,-1122.79,1907.08,ok
C004-1,C004,53,2025-12,VG138,P064,P059,P059|P064,,11.69,1138.38,1130.01,0,319.72,243903.08,326.94,-803.07,1907.08,ok
C004-1,C004,54,2025-12,VG138,P059,P059,P059,,42.88,1126.61,1094.63,0,0.0,0.0,284.06,-810.57,1907.08,ok
C004-1,C004,55,2025-12,VG139,P059,P009,P009|P059,,284.06,1093.49,820.17,0,0.0,0.0,0.0,-820.17,1907.08,ok
C004-2,C004,1,2025-01,VG140,P060,P049,P049|P060,,348.71,888.73,559.02,0,0.0,0.0,540.02,-19.0,1907.08,ok
C004-2,C004,2,2025-01,VG140,P049,P049,P049,,98.82,558.42,473.15,0,0.0,0.0,441.2,-31.95,1907.08,ok
C004-2,C004,3,2025-01,VG141,P049,P003,P003|P049,P003,11.97,469.65,461.58,0,0.0,0.0,429.23,-32.35,1907.08,ok
C004-2,C004,4,2025-01,VG141,P003,P003,P003,P003,38.37,1376.51,1349.02,0,0.0,0.0,390.86,-958.16,1907.08,ok
C004-2,C004,5,2025-02,VG142,P003,P060,P003|P060,P003,447.33,1346.8,901.69,1516.22,0.0,0.0,1459.75,558.06,1907.08,ok
C004-2,C004,6,2025-02,VG142,P060,P060,P060,,145.92,900.19,956.07,0,447.33,341252.23,1761.16,805.09,1907.08,ok
C004-2,C004,7,2025-03,VG097,P060,P059,P059|P060,,23.65,952.29,932.42,0,0.0,0.0,1737.51,805.09,1907.08,ok
C004-2,C004,8,2025-03,VG097,P059,P059,P059,,3.24,929.18,929.18,0,0.0,0.0,1734.27,805.09,1907.08,ok
C004-2,C004,9,2025-03,VG143,P059,P060,P059|P060,,16.3,928.04,912.88,0,0.0,0.0,1717.97,805.09,1907.08,ok
C004-2,C004,10,2025-03,VG143,P060,P060,P060,,40.65,910.9,872.23,0,0.0,0.0,1677.32,805.09,1907.08,ok
C004-2,C004,11,2025-03,VG144,P060,P009,P009|P060,,440.11,866.28,442.05,0,0.0,0.0,1237.21,795.16,1907.08,ok
C004-2,C004,12,2025-04,VG144,P009,P009,P009,,8.18,440.1,434.69,0,0.0,0.0,1229.03,794.34,1907.08,ok
C004-2,C004,13,2025-04,VG145,P009,P014,P009|P014,,91.54,432.5,344.31,0,0.0,0.0,1137.49,793.18,1907.08,ok
C004-2,C004,14,2025-04,VG145,P014,P014,P014,,61.19,341.28,1037.54,0,0.0,0.0,1076.3,38.76,1907.08,ok
C004-2,C004,15,2025-04,VG146,P014,P013,P013|P014,,32.92,1035.34,1007.57,0,353.3,269520.07,1396.68,389.11,1907.08,ok
C004-2,C004,16,2025-04,VG146,P013,P013,P013,,18.89,1002.01,992.07,0,0.0,0.0,1377.79,385.72,1907.08,ok
C004-2,C004,17,2025-05,VG147,P013,P006,P006|P013,,97.48,989.42,877.06,0,0.0,0.0,1280.31,403.25,1907.08,missing_rob
C004-2,C004,18,2025-05,VG147,P006,P006,P006,,35.66,869.75,842.8,0,0.0,0.0,1244.65,401.85,1907.08,ok
C004-2,C004,19,2025-05,VG148,P006,P009,P006|P009,,161.05,821.84,680.39,0,0.0,0.0,1083.6,403.21,1907.08,ok
C004-2,C004,20,2025-05,VG148,P009,P009,P009,,12.64,677.61,667.75,0,0.0,0.0,1070.96,403.21,1907.08,ok
C004-2,C004,21,2025-05,VG149,P009,P015,P009|P015,,42.38,666.35,625.37,0,0.0,0.0,1028.58,403.21,1907.08,ok
C004-2,C004,22,2025-05,VG149,P015,P015,P015,,8.08,625.37,817.99,0,0.0,0.0,1020.5,202.51,1907.08,ok
C004-2,C004,23,2025-05,VG150,P015,P059,P015|P059,,313.41,817.25,505.34,0,0.0,0.0,707.09,201.75,1907.08,ok
C004-2,C004,24,2025-06,VG150,P059,P059,P059,,24.7,504.84,480.64,0,0.0,0.0,682.39,201.75,1907.08,ok
C004-2,C004,25,2025-06,VG151,P059,P064,P059|P064,,26.29,477.5,454.35,0,0.0,0.0,656.1,201.75,1907.08,ok
C004-2,C004,26,2025-06,VG151,P064,P064,P064,,13.15,448.85,441.2,0,0.0,0.0,642.95,201.75,1907.08,ok
C004-2,C004,27,2025-06,VG152,P064,P060,P060|P064,,17.84,437.98,423.36,0,0.0,0.0,625.11,201.75,1907.08,ok
C004-2,C004,28,2025-06,VG152,P060,P060,P060,,162.01,419.42,907.7,0,0.0,0.0,463.1,-444.6,1907.08,ok
C004-2,C004,29,2025-07,VG153,P060,P014,P014|P060,,420.54,903.61,488.15,0,0.0,0.0,42.56,-445.59,1907.08,ok
C004-2,C004,30,2025-07,VG153,P014,P014,P014,,42.56,487.5,1098.56,0,0.0,0.0,0.0,-1098.56,1907.08,ok
C004-2,C004,31,2025-08,VG154,P014,P014,P014,,131.14,1097.98,973.05,0,266.82,203547.54,135.68,-837.37,1907.08,ok
C004-2,C004,32,2025-08,VG155,P068,P005,P005|P068,,115.51,972.24,878.86,0,0.0,0.0,20.17,-858.69,1907.08,ok
C004-2,C004,33,2025-08,VG155,P005,P005,P005,,20.17,871.93,863.72,0,0.0,0.0,0.0,-863.72,1907.08,ok
C004-2,C004,34,2025-08,VG156,P005,P014,P005|P014,,152.37,861.48,710.36,0,1090.9,832209.02,938.53,228.17,1907.08,missing_rob
C004-2,C004,35,2025-09,VG156,P014,P014,P014,,16.44,708.31,947.06,0,0.0,0.0,922.09,-24.97,1907.08,ok
C004-2,C004,36,2025-09,VG157,P014,P047,P014|P047,,413.32,946.79,549.86,0,0.0,0.0,508.77,-41.09,1907.08,ok
C004-2,C004,37,2025-09,VG157,P047,P047,P047,,20.36,549.06,535.17,0,0.0,0.0,488.41,-46.76,1907.08,ok
C004-2,C004,38,2025-09,VG158,P047,P060,P047|P060,,61.62,534.26,473.55,0,0.0,0.0,426.79,-46.76,1907.08,ok
C004-2,C004,39,2025-09,VG158,P060,P060,P060,,25.63,470.16,1014.94,0,0.0,0.0,401.16,-613.78,1907.08,ok
C004-2,C004,40,2025-10,VG137,P060,P064,P060|P064,,16.2,1011.67,998.88,0,0.0,0.0,384.96,-613.92,1907.08,ok
C004-2,C004,41,2025-10,VG137,P064,P064,P064,,10.71,998.58,988.49,0,0.0,0.0,374.25,-614.24,1907.08,ok
C004-2,C004,42,2025-10,VG138,P064,P059,P059|P064,,15.19,986.23,973.48,0,0.0,0.0,359.06,-614.42,1907.08,ok
C004-2,C004,43,2025-10,VG138,P059,P059,P059,,14.18,970.92,959.79,0,0.0,0.0,344.88,-614.91,1907.08,ok
C004-2,C004,44,2025-10,VG159,P059,P015,P015|P059,,344.88,958.14,613.93,0,0.0,0.0,0.0,-613.93,1907.08,ok
C004-2,C004,45,2025-10,VG159,P015,P015,P015,,14.85,613.51,599.76,0,286.46,218530.2,271.61,-328.15,1907.08,ok
C004-2,C004,46,2025-10,VG160,P015,P014,P014|P015,,105.09,600.1,496.68,0,0.0,0.0,166.52,-330.16,1907.08,ok
C004-2,C004,47,2025-11,VG160,P014,P014,P014,,74.97,493.99,432.39,0,0.0,0.0,91.55,-340.84,1907.08,ok
C004-2,C004,48,2025-11,VG161,P014,P006,P006|P014,,91.55,431.84,341.14,0,0.0,0.0,0.0,-341.14,1907.08,ok
C004-2,C004,49,2025-11,VG161,P006,P006,P006,,22.33,338.7,1189.33,0,425.86,324873.53,403.53,-785.8,1907.08,ok
C004-2,C004,50,2025-11,VG162,P006,P069,P006|P069,,338.17,1174.91,848.86,0,0.0,0.0,65.36,-783.5,1907.08,ok
C004-2,C004,51,2025-12,VG162,P069,P069,P069,,17.99,843.92,830.87,0,0.0,0.0,47.37,-783.5,1907.08,ok
C004-2,C004,52,2025-12,VG163,P069,P070,P069|P070,,22.89,833.17,812.43,0,0.0,0.0,24.48,-787.95,1907.08,ok
C004-2,C004,53,2025-12,VG163,P070,P070,P070,,24.48,806.86,790.86,0,0.0,0.0,0.0,-790.86,1907.08,ok
C004-2,C004,54,2025-12,VG164,P070,P004,P004|P070,P004,461.01,790.31,355.13,461.01,0.0,0.0,0.0,-355.13,1907.08,ok
C004-2,C004,55,2025-12,VG164,P004,P004,P004,P004,6.54,348.99,348.99,6.54,0.0,0.0,0.0,-348.99,1907.08,ok
C004-3,C004,1,2025-01,VG165,P060,P060,P060,,67.3,1100.4,1045.3,0,0.0,0.0,1033.1,-12.2,1907.08,ok
C004-3,C004,2,2025-01,VG166,P060,P059,P059|P060,,15.5,1039.8,1029.8,0,0.0,0.0,1017.6,-12.2,1907.08,ok
C004-3,C004,3,2025-01,VG166,P059,P059,P059,,25.7,1024.1,1008.7,0,0.0,0.0,991.9,-16.8,1907.08,ok
C004-3,C004,4,2025-01,VG167,P059,P057,P057|P059,,57.55,1007.7,952.2,0,0.0,0.0,934.35,-17.85,1907.08,ok
C004-3,C004,5,2025-01,VG167,P057,P057,P057,,11.9,949.9,942.8,0,0.0,0.0,922.45,-20.35,1907.08,ok
C004-3,C004,6,2025-01,VG168,P057,P009,P009|P057,,423.0,921.8,534.0,0,0.0,0.0,499.45,-34.55,1907.08,ok
C004-3,C004,7,2025-02,VG168,P009,P009,P009,,16.0,527.7,521.3,0,0.0,0.0,483.45,-37.85,1907.08,ok
C004-3,C004,8,2025-02,VG169,P009,P014,P009|P014,,92.7,519.5,431.7,0,0.0,0.0,390.75,-40.95,1907.08,ok
C004-3,C004,9,2025-02,VG169,P014,P014,P014,,107.35,423.4,742.3,0,0.0,0.0,283.4,-458.9,1907.08,ok
C004-3,C004,10,2025-02,VG170,P014,P013,P013|P014,,25.6,741.0,718.7,0,0.0,0.0,257.8,-460.9,1907.08,ok
C004-3,C004,11,2025-02,VG170,P013,P013,P013,,8.7,717.9,711.5,0,0.0,0.0,249.1,-462.4,1907.08,ok
C004-3,C004,12,2025-02,VG171,P013,P011,P011|P013,,58.3,710.3,658.4,0,0.0,0.0,190.8,-467.6,1907.08,ok
C004-3,C004,13,2025-02,VG171,P011,P011,P011,,14.7,658.2,646.6,0,0.0,0.0,176.1,-470.5,1907.08,ok
C004-3,C004,14,2025-02,VG172,P011,P012,P011|P012,,44.7,644.9,604.1,0,0.0,0.0,131.4,-472.7,1907.08,ok
C004-3,C004,15,2025-03,VG172,P012,P012,P012,,19.5,601.9,589.8,0,0.0,0.0,111.9,-477.9,1907.08,ok
C004-3,C004,16,2025-03,VG173,P012,P006,P006|P012,,47.5,587.9,545.6,0,0.0,0.0,64.4,-481.2,1907.08,ok
C004-3,C004,17,2025-03,VG173,P006,P006,P006,,96.5,544.2,757.7,0,32.1,24487.95,0.0,-757.7,1907.08,ok
C004-3,C004,18,2025-03,VG174,P006,P056,P006|P056,,658.6,754.8,171.0,0,658.6,502422.64,0.0,-171.0,1907.08,ok
C004-3,C004,19,2025-04,VG174,P056,P056,P056,,33.8,170.5,349.1,0,33.8,25784.82,0.0,-349.1,1907.08,ok
C004-3,C004,20,2025-04,VG175,P056,P062,P056|P062,,76.5,338.3,284.6,0,76.5,58359.14,0.0,-284.6,1907.08,ok
C004-3,C004,21,2025-04,VG175,P062,P062,P062,,65.0,283.2,237.0,0,117.7,89789.17,52.7,-184.3,1907.08,ok
C004-3,C004,22,2025-04,VG176,P062,P060,P060|P062,,52.7,232.5,184.3,0,0.0,0.0,0.0,-184.3,1907.08,ok
C004-3,C004,23,2025-04,VG176,P060,P060,P060,,108.6,181.4,975.7,0,108.6,82847.1,0.0,-975.7,1907.08,ok
C004-3,C004,24,2025-04,VG177,P060,P059,P059|P060,,12.1,975.5,963.6,0,1382.13,1054378.08,1370.03,406.43,1907.08,ok
C004-3,C004,25,2025-05,VG177,P059,P059,P059,,14.3,959.7,950.4,0,0.0,0.0,1355.73,405.33,1907.08,ok
C004-3,C004,26,2025-05,VG178,P059,P009,P009|P059,,409.5,949.1,540.9,0,0.0,0.0,946.23,405.33,1907.08,ok
C004-3,C004,27,2025-05,VG178,P009,P009,P009,,4.8,537.4,536.1,0,0.0,0.0,941.43,405.33,1907.08,ok
C004-3,C004,28,2025-05,VG145,P009,P014,P009|P014,,83.1,534.9,453.0,0,0.0,0.0,858.33,405.33,1907.08,ok
C004-3,C004,29,2025-05,VG145,P014,P014,P014,,48.9,452.9,1053.53,0,0.0,0.0,809.43,-244.1,1907.08,ok
C004-3,C004,30,2025-06,VG179,P014,P006,P006|P014,,98.63,1051.33,957.9,0,0.0,0.0,710.8,-247.1,1907.08,ok
C004-3,C004,31,2025-06,VG179,P006,P006,P006,,9.2,957.2,949.7,0,0.0,0.0,701.6,-248.1,1907.08,ok
C004-3,C004,32,2025-06,VG180,P006,P009,P006|P009,,159.0,932.3,790.7,0,0.0,0.0,542.6,-248.1,1907.08,ok
C004-3,C004,33,2025-06,VG180,P009,P009,P009,,9.5,787.2,781.2,0,0.0,0.0,533.1,-248.1,1907.08,ok
C004-3,C004,34,2025-06,VG181,P009,P060,P009|P060,,327.7,779.5,453.5,0,0.0,0.0,205.4,-248.1,1907.08,ok
C004-3,C004,35,2025-07,VG181,P060,P060,P060,,137.3,449.7,866.2,0,0.0,0.0,68.1,-798.1,1907.08,ok
C004-3,C004,36,2025-07,VG182,P060,P059,P059|P060,,9.3,862.7,856.9,0,0.0,0.0,58.8,-798.1,1907.08,ok
C004-3,C004,37,2025-07,VG182,P059,P059,P059,,6.2,853.8,850.7,0,0.0,0.0,52.6,-798.1,1907.08,ok
C004-3,C004,38,2025-07,VG183,P059,P057,P057|P059,,52.6,849.5,798.1,0,0.0,0.0,0.0,-798.1,1907.08,ok
C004-3,C004,39,2025-07,VG183,P057,P057,P057,,9.4,794.8,788.7,0,9.4,7170.93,0.0,-788.7,1907.08,ok
C004-3,C004,40,2025-07,VG184,P057,P009,P009|P057,,360.1,779.7,428.6,0,1907.08,1454843.86,1546.98,1118.38,1907.08,ok
C004-3,C004,41,2025-08,VG184,P009,P009,P009,,8.5,426.6,420.7,0,0.0,0.0,1538.48,1117.78,1907.08,ok
C004-3,C004,42,2025-08,VG185,P009,P014,P009|P014,,93.0,419.2,330.3,0,0.0,0.0,1445.48,1115.18,1907.08,ok
C004-3,C004,43,2025-08,VG185,P014,P014,P014,,71.6,326.0,1068.73,0,0.0,0.0,1373.88,305.15,1907.08,ok
C004-3,C004,44,2025-08,VG186,P014,P006,P006|P014,,95.8,1067.83,975.93,0,0.0,0.0,1278.08,302.15,1907.08,ok
C004-3,C004,45,2025-09,VG186,P006,P006,P006,,26.4,968.63,951.33,0,0.0,0.0,1251.68,300.35,1907.08,ok
C004-3,C004,46,2025-09,VG187,P006,P005,P005|P006,,54.53,950.33,898.6,0,0.0,0.0,1197.15,298.55,1907.08,ok
C004-3,C004,47,2025-09,VG187,P005,P005,P005,,12.9,892.9,885.7,0,0.0,0.0,1184.25,298.55,1907.08,ok
C004-3,C004,48,2025-09,VG188,P005,P009,P005|P009,,169.7,882.0,716.0,0,0.0,0.0,1014.55,298.55,1907.08,ok
C004-3,C004,49,2025-09,VG188,P009,P009,P009,,10.7,715.3,705.3,0,0.0,0.0,1003.85,298.55,1907.08,ok
C004-3,C004,50,2025-09,VG189,P009,P060,P009|P060,,348.8,703.8,356.5,0,0.0,0.0,655.05,298.55,1907.08,ok
C004-3,C004,51,2025-10,VG189,P060,P060,P060,,152.7,351.9,1003.29,0,0.0,0.0,502.35,-500.94,1907.08,ok
C004-3,C004,52,2025-10,VG190,P060,P059,P059|P060,,12.9,998.99,990.39,0,0.0,0.0,489.45,-500.94,1907.08,ok
C004-3,C004,53,2025-10,VG190,P059,P059,P059,,28.9,987.99,965.19,0,648.24,494519.36,1108.79,143.6,1907.08,ok
C004-3,C004,54,2025-11,VG191,P059,P057,P057|P059,,52.9,964.49,913.69,0,0.0,0.0,1055.89,142.2,1907.08,ok
C004-3,C004,55,2025-11,VG191,P057,P057,P057,,17.0,911.19,898.09,0,0.0,0.0,1038.89,140.8,1907.08,ok
C004-3,C004,56,2025-11,VG192,P057,P009,P009|P057,,389.09,891.59,520.6,0,0.0,0.0,649.8,129.2,1907.08,ok
C004-3,C004,57,2025-11,VG192,P009,P009,P009,,10.8,518.8,511.0,0,0.0,0.0,639.0,128.0,1907.08,ok
C004-3,C004,58,2025-11,VG193,P009,P014,P009|P014,,88.9,508.8,424.3,0,0.0,0.0,550.1,125.8,1907.08,ok
C004-3,C004,59,2025-11,VG193,P014,P014,P014,,32.1,424.0,1195.4,0,0.0,0.0,518.0,-677.4,1907.08,ok
C004-3,C004,60,2025-12,VG194,P014,P013,P013|P014,,25.8,1194.2,1170.7,0,0.0,0.0,492.2,-678.5,1907.08,ok
C004-3,C004,61,2025-12,VG194,P013,P013,P013,,10.2,1169.2,1162.0,0,0.0,0.0,482.0,-680.0,1907.08,ok
C004-3,C004,62,2025-12,VG195,P013,P006,P006|P013,,110.4,1161.2,1055.3,0,0.0,0.0,371.6,-683.7,1907.08,ok
C004-3,C004,63,2025-12,VG195,P006,P006,P006,,9.0,1048.3,1047.5,0,0.0,0.0,362.6,-684.9,1907.08,ok
C004-3,C004,64,2025-12,VG196,P006,P005,P005|P006,,61.9,1030.1,985.6,0,0.0,0.0,300.7,-684.9,1907.08,ok
C004-3,C004,65,2025-12,VG196,P005,P005,P005,,18.7,983.4,966.9,0,0.0,0.0,282.0,-684.9,1907.08,ok
C004-3,C004,66,2025-12,VG197,P005,P006,P005|P006,,58.5,963.2,908.4,0,0.0,0.0,223.5,-684.9,1907.08,ok
C004-3,C004,67,2025-12,VG197,P006,P006,P006,,55.4,906.8,860.1,0,0.0,0.0,168.1,-692.0,1907.08,ok
C004-3,C004,68,2025-12,VG198,P006,P057,P006|P057,,168.1,843.5,705.8,0,0.0,0.0,0.0,-705.8,1907.08,ok
C005-1,C005,1,2025-01,VG199,P051,P017,P017|P051,,22.6,472.8,453.3,0,0.0,0.0,450.2,-3.1,1024.531,ok
C005-1,C005,2,2025-01,VG199,P017,P017,P017,,20.7,451.5,432.6,0,0.0,0.0,429.5,-3.1,1024.531,ok
C005-1,C005,3,2025-01,VG200,P017,P051,P017|P051,,39.4,432.3,393.2,0,0.0,0.0,390.1,-3.1,1024.531,ok
C005-1,C005,4,2025-01,VG200,P051,P051,P051,,2.2,392.1,391.0,0,0.0,0.0,387.9,-3.1,1024.531,ok
C005-1,C005,5,2025-01,VG201,P051,P016,P016|P051,,56.8,390.7,324.4,0,0.0,0.0,331.1,6.7,1024.531,ok
C005-1,C005,6,2025-01,VG201,P016,P016,P016,,16.6,347.4,317.6,0,0.0,0.0,314.5,-3.1,1024.531,ok
C005-1,C005,7,2025-02,VG202,P016,P020,P016|P020,,41.2,317.3,276.6,0,0.0,0.0,273.3,-3.3,1024.531,ok
C005-1,C005,8,2025-02,VG202,P020,P020,P020,,2.6,276.5,315.7,0,0.0,0.0,270.7,-45.0,1024.531,ok
C005-1,C005,9,2025-03,VG203,P020,P051,P020|P051,,65.7,312.0,250.0,0,0.0,0.0,205.0,-45.0,1024.531,ok
C005-1,C005,10,2025-03,VG203,P051,P051,P051,,3.8,249.4,246.2,0,0.0,0.0,201.2,-45.0,1024.531,ok
C005-1,C005,11,2025-03,VG204,P051,P017,P017|P051,,49.9,743.6,696.5,0,0.0,0.0,151.3,-545.2,1024.531,ok
C005-1,C005,12,2025-03,VG204,P017,P017,P017,,8.2,692.2,688.3,0,0.0,0.0,143.1,-545.2,1024.531,ok
C005-1,C005,13,2025-03,VG205,P017,P051,P017|P051,,47.5,687.8,640.8,0,0.0,0.0,95.6,-545.2,1024.531,ok
C005-1,C005,14,2025-04,VG205,P051,P051,P051,,4.6,638.1,636.2,0,0.0,0.0,91.0,-545.2,1024.531,ok
C005-1,C005,15,2025-04,VG206,P051,P017,P017|P051,,45.0,635.7,591.2,0,0.0,0.0,46.0,-545.2,1024.531,ok
C005-1,C005,16,2025-04,VG206,P017,P017,P017,,7.7,588.3,583.5,0,0.0,0.0,38.3,-545.2,1024.531,ok
C005-1,C005,17,2025-04,VG207,P017,P051,P017|P051,,35.1,583.3,548.4,0,0.0,0.0,3.2,-545.2,1024.531,ok
C005-1,C005,18,2025-04,VG207,P051,P051,P051,,2.4,547.3,546.0,0,0.0,0.0,0.8,-545.2,1024.531,ok
C005-1,C005,19,2025-04,VG208,P051,P017,P017|P051,,44.6,545.8,501.4,0,43.8,33413.47,0.0,-501.4,1024.531,ok
C005-1,C005,20,2025-04,VG208,P017,P017,P017,,4.95,499.8,496.45,0,4.95,3776.18,0.0,-496.45,1024.531,ok
C005-1,C005,21,2025-04,VG209,P017,P051,P017|P051,,35.25,496.3,461.2,0,35.25,26890.98,0.0,-461.2,1024.531,ok
C005-1,C005,22,2025-04,VG209,P051,P051,P051,,2.1,460.0,459.1,0,2.1,1602.02,0.0,-459.1,1024.531,ok
C005-1,C005,23,2025-04,VG210,P051,P017,P017|P051,,39.5,458.9,419.6,0,44.6,34023.76,5.1,-414.5,1024.531,ok
C005-1,C005,24,2025-04,VG210,P017,P017,P017,,5.1,418.6,414.5,0,0.0,0.0,0.0,-414.5,1024.531,ok
C005-1,C005,25,2025-04,VG211,P017,P051,P017|P051,,35.1,414.3,379.4,0,81.4,62097.18,46.3,-333.1,1024.531,ok
C005-1,C005,26,2025-04,VG211,P051,P051,P051,,2.3,378.1,377.1,0,0.0,0.0,44.0,-333.1,1024.531,ok
C005-1,C005,27,2025-04,VG212,P051,P017,P017|P051,,44.0,376.9,333.1,0,0.0,0.0,0.0,-333.1,1024.531,ok
C005-1,C005,28,2025-05,VG212,P017,P017,P017,,5.65,331.1,327.45,0,116.7,89026.3,111.05,-216.4,1024.531,ok
C005-1,C005,29,2025-05,VG213,P017,P051,P017|P051,,38.65,327.3,288.8,0,0.0,0.0,72.4,-216.4,1024.531,ok
C005-1,C005,30,2025-05,VG213,P051,P051,P051,,1.9,287.8,286.9,0,0.0,0.0,70.5,-216.4,1024.531,ok
C005-1,C005,31,2025-05,VG214,P051,P017,P017|P051,,61.2,286.6,222.6,0,0.0,0.0,9.3,-213.3,1024.531,ok
C005-1,C005,32,2025-05,VG214,P017,P017,P017,,9.3,235.4,216.4,0,0.0,0.0,0.0,-216.4,1024.531,ok
C005-1,C005,33,2025-05,VG215,P017,P051,P017|P051,,41.2,216.0,173.1,0,1024.531,781578.45,983.331,810.231,1024.531,ok
C005-1,C005,34,2025-05,VG215,P051,P051,P051,,3.5,179.2,171.7,0,0.0,0.0,979.831,808.131,1024.531,ok
C005-1,C005,35,2025-05,VG216,P051,P016,P016|P051,,68.6,710.4,643.1,0,0.0,0.0,911.231,268.131,1024.531,ok
C005-1,C005,36,2025-06,VG216,P016,P016,P016,,13.7,643.0,629.4,0,0.0,0.0,897.531,268.131,1024.531,ok
C005-1,C005,37,2025-06,VG217,P016,P051,P016|P051,,45.4,629.1,584.0,0,0.0,0.0,852.131,268.131,1024.531,ok
C005-1,C005,38,2025-06,VG217,P051,P051,P051,,2.3,582.7,581.7,0,0.0,0.0,849.831,268.131,1024.531,ok
C005-1,C005,39,2025-06,VG218,P051,P017,P017|P051,,47.9,580.4,533.8,0,0.0,0.0,801.931,268.131,1024.531,ok
C005-1,C005,40,2025-06,VG218,P017,P017,P017,,5.8,531.5,528.0,0,0.0,0.0,796.131,268.131,1024.531,ok
C005-1,C005,41,2025-06,VG219,P017,P051,P017|P051,,39.0,527.7,489.0,0,0.0,0.0,757.131,268.131,1024.531,ok
C005-1,C005,42,2025-07,VG219,P051,P051,P051,,2.1,487.2,486.9,0,0.0,0.0,755.031,268.131,1024.531,ok
C005-1,C005,43,2025-07,VG220,P051,P016,P016|P051,,79.3,486.6,407.6,0,0.0,0.0,675.731,268.131,1024.531,ok
C005-1,C005,44,2025-07,VG220,P016,P016,P016,,8.7,407.4,398.9,0,0.0,0.0,667.031,268.131,1024.531,ok
C005-1,C005,45,2025-07,VG221,P016,P051,P016|P051,,47.0,398.5,451.9,0,0.0,0.0,620.031,168.131,1024.531,ok
C005-1,C005,46,2025-08,VG221,P051,P051,P051,,2.8,450.0,449.1,0,0.0,0.0,617.231,168.131,1024.531,ok
C005-1,C005,47,2025-08,VG222,P051,P017,P017|P051,,44.1,448.8,405.0,0,0.0,0.0,573.131,168.131,1024.531,ok
C005-1,C005,48,2025-08,VG222,P017,P017,P017,,5.8,403.0,399.2,0,167.669,127908.75,735.0,335.8,1024.531,ok
C005-1,C005,49,2025-08,VG223,P017,P051,P017|P051,,38.7,398.9,780.5,0,0.0,0.0,696.3,-84.2,1024.531,ok
C005-1,C005,50,2025-08,VG223,P051,P051,P051,,2.2,779.2,778.3,0,0.0,0.0,694.1,-84.2,1024.531,ok
C005-1,C005,51,2025-08,VG224,P051,P017,P017|P051,,45.6,778.0,732.7,0,0.0,0.0,648.5,-84.2,1024.531,ok
C005-1,C005,52,2025-08,VG224,P017,P017,P017,,5.7,730.9,727.0,0,0.0,0.0,642.8,-84.2,1024.531,ok
C005-1,C005,53,2025-08,VG225,P017,P051,P017|P051,,39.4,726.7,687.6,0,0.0,0.0,603.4,-84.2,1024.531,ok
C005-1,C005,54,2025-08,VG225,P051,P051,P051,,2.1,685.8,685.5,0,0.0,0.0,601.3,-84.2,1024.531,ok
C005-1,C005,55,2025-08,VG226,P051,P017,P017|P051,,55.4,685.2,630.1,0,0.0,0.0,545.9,-84.2,1024.531,ok
C005-1,C005,56,2025-08,VG226,P017,P017,P017,,5.1,628.0,625.0,0,0.0,0.0,540.8,-84.2,1024.531,ok
C005-1,C005,57,2025-08,VG227,P017,P051,P017|P051,,50.5,624.7,574.5,0,0.0,0.0,490.3,-84.2,1024.531,ok
C005-1,C005,58,2025-09,VG227,P051,P051,P051,,2.1,573.5,572.4,0,0.0,0.0,488.2,-84.2,1024.531,ok
C005-1,C005,59,2025-09,VG228,P051,P017,P017|P051,,43.5,572.1,528.9,0,0.0,0.0,444.7,-84.2,1024.531,ok
C005-1,C005,60,2025-09,VG228,P017,P017,P017,,6.3,528.1,522.6,0,0.0,0.0,438.4,-84.2,1024.531,ok
C005-1,C005,61,2025-09,VG229,P017,P051,P017|P051,,38.8,522.3,483.8,0,0.0,0.0,399.6,-84.2,1024.531,ok
C005-1,C005,62,2025-09,VG229,P051,P051,P051,,2.6,482.8,481.2,0,0.0,0.0,397.0,-84.2,1024.531,ok
C005-1,C005,63,2025-09,VG230,P051,P017,P017|P051,,44.3,480.9,436.9,0,0.0,0.0,352.7,-84.2,1024.531,ok
C005-1,C005,64,2025-09,VG230,P017,P017,P017,,6.1,436.2,430.8,0,0.0,0.0,346.6,-84.2,1024.531,ok
C005-1,C005,65,2025-09,VG231,P017,P051,P017|P051,,44.2,430.5,481.6,0,0.0,0.0,302.4,-179.2,1024.531,ok
C005-1,C005,66,2025-09,VG231,P051,P051,P051,,2.1,481.0,479.5,0,0.0,0.0,300.3,-179.2,1024.531,ok
C005-1,C005,67,2025-10,VG232,P051,P016,P016|P051,,60.2,479.2,419.3,0,0.0,0.0,240.1,-179.2,1024.531,ok
C005-1,C005,68,2025-10,VG232,P016,P016,P016,,6.8,417.9,412.5,0,0.0,0.0,233.3,-179.2,1024.531,ok
C005-1,C005,69,2025-10,VG233,P016,P051,P016|P051,,46.0,412.1,366.5,0,0.0,0.0,187.3,-179.2,1024.531,ok
C005-1,C005,70,2025-10,VG233,P051,P051,P051,,2.8,366.0,363.7,0,0.0,0.0,184.5,-179.2,1024.531,ok
C005-1,C005,71,2025-10,VG234,P051,P017,P017|P051,,45.6,363.5,318.1,0,0.0,0.0,138.9,-179.2,1024.531,ok
C005-1,C005,72,2025-10,VG234,P017,P017,P017,,6.2,317.9,311.9,0,0.0,0.0,132.7,-179.2,1024.531,ok
C005-1,C005,73,2025-10,VG235,P017,P051,P017|P051,,38.2,311.7,273.7,0,0.0,0.0,94.5,-179.2,1024.531,ok
C005-1,C005,74,2025-10,VG235,P051,P051,P051,,2.7,271.5,271.0,0,0.0,0.0,91.8,-179.2,1024.531,ok
C005-1,C005,75,2025-10,VG236,P051,P017,P017|P051,,47.5,270.8,223.5,0,0.0,0.0,44.3,-179.2,1024.531,ok
C005-1,C005,76,2025-10,VG236,P017,P017,P017,,6.8,219.7,216.7,0,0.0,0.0,37.5,-179.2,1024.531,ok
C005-1,C005,77,2025-10,VG237,P017,P051,P017|P051,,37.5,216.5,179.2,0,0.0,0.0,0.0,-179.2,1024.531,ok
C005-1,C005,78,2025-11,VG237,P051,P051,P051,,2.2,177.4,177.0,0,52.0,39668.96,49.8,-127.2,1024.531,ok
C005-1,C005,79,2025-11,VG238,P051,P017,P017|P051,,44.4,176.8,132.6,0,0.0,0.0,5.4,-127.2,1024.531,ok
C005-1,C005,80,2025-11,VG238,P017,P017,P017,,5.4,132.3,127.2,0,0.0,0.0,0.0,-127.2,1024.531,ok
C005-1,C005,81,2025-11,VG239,P017,P051,P017|P051,,36.7,127.0,90.5,0,110.6,84372.83,73.9,-16.6,1024.531,ok
C005-1,C005,82,2025-11,VG239,P051,P051,P051,,2.1,90.3,88.4,0,0.0,0.0,71.8,-16.6,1024.531,ok
C005-1,C005,83,2025-11,VG240,P051,P017,P017|P051,,65.2,787.1,723.2,0,0.0,0.0,6.6,-716.6,1024.531,ok
C005-1,C005,84,2025-11,VG240,P017,P017,P017,,6.6,720.0,716.6,0,0.0,0.0,0.0,-716.6,1024.531,ok
C005-1,C005,85,2025-11,VG241,P017,P051,P017|P051,,47.1,716.4,669.5,0,238.9,182248.36,191.8,-477.7,1024.531,ok
C005-1,C005,86,2025-12,VG241,P051,P051,P051,,3.6,667.6,665.9,0,0.0,0.0,188.2,-477.7,1024.531,ok
C005-1,C005,87,2025-12,VG242,P051,P017,P017|P051,,86.8,665.4,579.1,0,0.0,0.0,101.4,-477.7,1024.531,ok
C005-1,C005,88,2025-12,VG242,P017,P017,P017,,7.0,577.3,572.1,0,0.0,0.0,94.4,-477.7,1024.531,ok
C005-1,C005,89,2025-12,VG243,P017,P051,P017|P051,,40.7,571.9,531.4,0,0.0,0.0,53.7,-477.7,1024.531,ok
C005-1,C005,90,2025-12,VG243,P051,P051,P051,,4.1,530.2,527.3,0,0.0,0.0,49.6,-477.7,1024.531,ok
C005-1,C005,91,2025-12,VG244,P051,P017,P017|P051,,49.6,527.0,477.7,0,0.0,0.0,0.0,-477.7,1024.531,ok
