vessel_class,vessel_file_id,voyage_number,leg_sequence,from_port_unlocode,to_port_unlocode,departure_datetime_utc,arrival_datetime_utc,period_month,distance_nm_total,duration_hours_total,fuel_consumption_total,rob_start,rob_end,bunkering_inferred,available_ports,contract_port_flag,data_quality_flag
C001,C001-1,202407-1-BRARB-USFPO,1,BRARB,USFPO,2025-01-01T16:00,2025-01-08T05:30,2025-01,2374.42,181.5,194.8,708.8,543.7,0,BRARB|USFPO,0,ok
C001,C001-1,202407-1-BRARB-USFPO,2,USFPO,USFPO,2025-01-08T18:00,2025-01-08T18:20,2025-01,0.1,12.83,2.6,541.2,541.1,0,USFPO,0,ok
C001,C001-1,202407-2-USFPO-USHOU,3,USFPO,USHOU,2025-01-08T19:00,2025-01-09T05:30,2025-01,121.57,11.17,9.2,540.6,531.9,0,USFPO|USHOU,0,ok
C001,C001-1,202407-2-USFPO-USHOU,4,USHOU,USHOU,2025-01-09T18:00,2025-01-25T02:15,2025-01,346.25,380.75,106.26,529.5,1328.16,1,USHOU,0,ok
C001,C001-1,202407-3-USHOU-USPCR,5,USHOU,USPCR,2025-01-25T06:30,2025-01-27T20:08,2025-01,285.5,65.88,35.1,1324.46,1294.06,0,USHOU|USPCR,0,ok
C001,C001-1,202407-3-USHOU-USPCR,6,USPCR,USPCR,2025-01-28T18:00,2025-01-30T18:00,2025-01,6.04,69.87,13.4,1290.26,1281.56,0,USPCR,0,ok
C001,C001-1,202501-1-USPCR-USCRP,7,USPCR,USCRP,2025-01-30T20:00,2025-01-31T19:33,2025-01,111.29,25.55,12.0,1279.06,1264.79,0,USCRP|USPCR,0,ok
C001,C001-1,202501-1-USPCR-USCRP,8,USCRP,USCRP,2025-02-01T16:05,2025-02-01T18:00,2025-02,13.92,22.45,4.23,1261.29,1260.56,0,USCRP,0,ok
C001,C001-1,202501-2-USCRP-BRSUA,9,USCRP,BRSUA,2025-02-01T19:00,2025-02-21T22:06,2025-02,4466.4,484.1,421.96,1259.36,838.6,0,BRSUA|USCRP,0,ok
C001,C001-1,202501-2-USCRP-BRSUA,10,BRSUA,BRSUA,2025-02-22T15:00,2025-02-22T20:15,2025-02,0.0,22.15,4.8,835.1,833.8,0,BRSUA,0,ok
C001,C001-1,202501-3-BRSUA-BRSSZ,11,BRSUA,BRSSZ,2025-02-22T20:45,2025-03-01T21:30,2025-02,1300.6,169.25,119.6,833.5,714.2,0,BRSSZ|BRSUA,0,ok
C001,C001-1,202501-3-BRSUA-BRSSZ,12,BRSSZ,BRSSZ,2025-03-02T15:00,2025-03-07T07:10,2025-03,1.75,129.67,28.8,710.9,685.4,0,BRSSZ,0,ok
C001,C001-1,202501-4-BRSSZ-ARCMP,13,BRSSZ,ARCMP,2025-03-07T08:30,2025-03-10T12:35,2025-03,1066.0,77.41,87.7,684.7,597.7,0,ARCMP|BRSSZ,0,ok
C001,C001-1,202501-4-BRSSZ-ARCMP,14,ARCMP,ARCMP,2025-03-10T15:00,2025-03-22T15:00,2025-03,484.1,290.42,74.6,597.3,524.3,0,ARCMP,0,ok
C001,C001-1,202501-5-ARCMP-BRRIG,15,ARCMP,BRRIG,2025-03-23T00:00,2025-03-24T23:40,2025-03,439.6,56.67,43.7,515.1,482.3,0,ARCMP|BRRIG,0,ok
C001,C001-1,202501-5-ARCMP-BRRIG,16,BRRIG,BRRIG,2025-03-25T15:00,2025-03-26T23:25,2025-03,0.0,47.75,10.5,479.5,473.0,0,BRRIG,0,ok
C001,C001-1,202502-1-BRRIG-BRPNG,17,BRRIG,BRPNG,2025-03-27T00:40,2025-03-30T16:25,2025-03,531.1,89.0,60.3,471.6,415.1,0,BRPNG|BRRIG,0,ok
C001,C001-1,202502-1-BRRIG-BRPNG,18,BRPNG,BRPNG,2025-03-31T15:00,2025-04-01T19:25,2025-03,0.0,51.0,13.0,410.1,403.7,0,BRPNG,0,ok
C001,C001-1,202502-2-BRPNG-BRSSZ,19,BRPNG,BRSSZ,2025-04-01T21:30,2025-04-07T20:00,2025-04,199.0,144.58,63.5,401.6,352.2,0,BRPNG|BRSSZ,0,ok
C001,C001-1,202502-2-BRPNG-BRSSZ,20,BRSSZ,BRSSZ,2025-04-08T15:00,2025-04-10T11:55,2025-04,0.0,63.92,21.2,1226.6,1215.0,0,BRSSZ,0,ok
C001,C001-1,202502-3-BRSSZ-BRITQ,21,BRSSZ,BRITQ,2025-04-10T13:15,2025-04-21T02:55,2025-04,2231.8,255.0,259.7,1213.6,980.3,0,BRITQ|BRSSZ,0,ok
C001,C001-1,202502-3-BRSSZ-BRITQ,22,BRITQ,BRITQ,2025-04-21T15:00,2025-04-22T11:06,2025-04,0.0,32.18,16.2,976.5,968.6,0,BRITQ,0,ok
C001,C001-1,202502-4-BRITQ-USMSY,23,BRITQ,USMSY,2025-04-22T12:00,2025-05-04T14:30,2025-04,3564.0,291.4,447.7,967.5,586.7,0,BRITQ|USMSY,0,ok
C001,C001-1,202502-4-BRITQ-USMSY,24,USMSY,USMSY,2025-05-04T17:00,2025-05-09T17:00,2025-05,82.0,122.5,151.9,585.6,857.7,1,USMSY,0,ok
C001,C001-1,202502-5-USMSY-USPCR,25,USMSY,USPCR,2025-05-09T20:00,2025-05-14T18:35,2025-05,494.0,121.58,90.3,851.1,773.4,0,USMSY|USPCR,0,ok
C001,C001-1,202502-5-USMSY-USPCR,26,USPCR,USPCR,2025-05-15T17:00,2025-05-16T21:05,2025-05,0.0,50.5,9.8,769.3,763.5,0,USPCR,0,ok
C001,C001-1,202503-1-USPCR-USFPO,27,USPCR,USFPO,2025-05-16T23:45,2025-05-18T04:35,2025-05,115.0,31.5,14.1,760.9,749.4,0,USFPO|USPCR,0,ok
C001,C001-1,202503-1-USPCR-USFPO,28,USFPO,USFPO,2025-05-18T17:00,2025-05-20T14:35,2025-05,0.0,58.0,11.0,747.2,738.4,0,USFPO,0,ok
C001,C001-1,202503-2-USFPO-USHOU,29,USFPO,USHOU,2025-05-20T15:30,2025-05-21T14:05,2025-05,108.0,23.5,12.4,737.7,726.0,0,USFPO|USHOU,0,ok
C001,C001-1,202503-2-USFPO-USHOU,30,USHOU,USHOU,2025-05-21T17:00,2025-05-25T13:32,2025-05,109.0,95.45,23.0,725.7,1002.8,1,USHOU,0,ok
C001,C001-1,202503-3-USHOU-ZADUR,31,USHOU,ZADUR,2025-05-25T17:00,2025-06-21T06:40,2025-05,8461.0,641.14,770.8,999.5,232.0,0,USHOU|ZADUR,0,ok
C001,C001-1,202503-3-USHOU-ZADUR,32,ZADUR,ZADUR,2025-06-21T10:00,2025-06-21T17:20,2025-06,0.0,10.66,1.5,231.6,730.3,1,ZADUR,0,ok
C001,C001-1,202503-4-ZADUR-INHZR,33,ZADUR,INHZR,2025-06-21T18:00,2025-07-03T14:06,2025-06,3942.23,284.77,348.6,729.9,381.7,0,INHZR|ZADUR,0,ok
C001,C001-1,202503-4-ZADUR-INHZR,34,INHZR,INHZR,2025-07-04T06:30,2025-07-05T04:25,2025-07,0.0,38.32,15.3,375.3,366.4,0,INHZR,0,ok
C001,C001-1,202503-5-INHZR-SAJUB,35,INHZR,SAJUB,2025-07-05T05:00,2025-07-10T15:55,2025-07,1527.0,115.5,145.2,365.7,1197.3,1,INHZR|SAJUB,0,ok
C001,C001-1,202503-5-INHZR-SAJUB,36,SAJUB,SAJUB,2025-07-09T02:30,2025-07-15T02:15,2025-07,24.0,122.33,27.1,1237.5,1174.0,0,SAJUB,0,ok
C001,C001-1,202504-1-SAJUB-CNXAM,37,SAJUB,CNXAM,2025-07-15T03:00,2025-08-01T01:04,2025-07,5488.0,406.82,486.2,1172.9,687.8,0,CNXAM|SAJUB,0,ok
C001,C001-1,202504-1-SAJUB-CNXAM,38,CNXAM,CNXAM,2025-08-01T04:00,2025-08-03T01:15,2025-08,4.0,48.18,10.5,687.4,677.3,0,CNXAM,0,ok
C001,C001-1,202504-2-CNXAM-CNZJG,39,CNXAM,CNZJG,2025-08-03T02:30,2025-08-06T12:41,2025-08,771.6,83.43,62.8,676.5,614.5,0,CNXAM|CNZJG,0,ok
C001,C001-1,202504-2-CNXAM-CNZJG,40,CNZJG,CNZJG,2025-08-07T04:00,2025-09-04T04:00,2025-08,609.7,687.32,144.4,610.2,480.0,0,CNZJG,0,ok
C001,C001-1,202504-3-CNZJG-KRTSN,41,CNZJG,KRTSN,2025-09-04T12:30,2025-09-06T00:45,2025-09,578.0,44.75,35.1,474.9,444.9,0,CNZJG|KRTSN,1,ok
C001,C001-1,202504-3-CNZJG-KRTSN,42,KRTSN,KRTSN,2025-09-06T03:00,2025-09-07T00:50,2025-09,145.26,24.08,3.3,444.6,441.6,0,KRTSN,1,ok
C001,C001-1,202505-1-KRTSN-KRUSN,43,KRTSN,KRUSN,2025-09-07T02:30,2025-09-08T23:10,2025-09,551.39,46.34,41.0,440.6,400.6,0,KRTSN|KRUSN,1,ok
C001,C001-1,202505-1-KRTSN-KRUSN,44,KRUSN,KRUSN,2025-09-09T03:00,2025-09-19T12:25,2025-09,20.43,253.25,51.2,400.0,899.4,1,KRUSN,1,ok
C001,C001-1,202505-2-KRUSN-INNSA,45,KRUSN,INNSA,2025-09-19T13:15,2025-10-07T07:48,2025-09,5095.29,427.38,462.0,898.9,437.4,0,INNSA|KRUSN,1,ok
C001,C001-1,202505-2-KRUSN-INNSA,46,INNSA,INNSA,2025-10-08T06:30,2025-10-13T20:35,2025-10,50.56,156.78,28.9,433.1,408.5,0,INNSA,0,ok
C001,C001-1,202505-3-INNSA-INHZR,47,INNSA,INHZR,2025-10-13T21:30,2025-10-18T16:55,2025-10,160.5,116.34,34.3,408.0,374.2,0,INHZR|INNSA,0,ok
C001,C001-1,202505-3-INNSA-INHZR,48,INHZR,INHZR,2025-10-19T06:30,2025-10-19T20:20,2025-10,0.0,27.41,9.2,369.5,365.0,0,INHZR,0,ok
C001,C001-1,202505-4-INHZR-IN,49,INHZR,IN,2025-10-19T21:15,2025-10-25T19:40,2025-10,431.55,143.34,61.7,364.7,303.3,0,IN|INHZR,0,ok
C001,C001-1,202505-4-INHZR-IN,50,IN,IN,2025-10-26T06:30,2025-10-26T22:45,2025-10,0.0,27.08,8.4,299.9,294.9,0,IN,0,ok
C001,C001-1,202505-5-IN-SAJUB,51,IN,SAJUB,2025-10-27T00:00,2025-10-31T00:05,2025-10,1234.8,97.33,101.8,294.2,193.1,0,IN|SAJUB,0,ok
C001,C001-1,202505-5-IN-SAJUB,52,SAJUB,SAJUB,2025-10-31T09:00,2025-11-01T21:24,2025-10,0.0,45.32,7.5,191.7,185.6,0,SAJUB,0,ok
C001,C001-1,202506-1-SAJUB-THMAT,53,SAJUB,THMAT,2025-11-01T22:15,2025-11-15T16:25,2025-11,4618.0,316.77,393.7,185.3,873.7,1,SAJUB|THMAT,0,missing_rob
C001,C001-1,202506-1-SAJUB-THMAT,54,THMAT,THMAT,2025-11-03T08:00,2025-11-16T16:10,2025-11,139.95,38.0,7.8,146.5,868.6,1,THMAT,0,ok
C001,C001-1,202506-2-THMAT-CNTZO,55,THMAT,CNTZO,2025-11-16T17:25,2025-11-27T07:55,2025-11,2456.04,255.75,260.6,867.9,608.0,0,CNTZO|THMAT,0,ok
C001,C001-1,202506-2-THMAT-CNTZO,56,CNTZO,CNTZO,2025-11-28T04:00,2025-12-01T04:00,2025-11,128.9,92.08,29.0,602.5,579.0,0,CNTZO,0,ok
C001,C001-1,202506-3-CNTZO-KRYOS,57,CNTZO,KRYOS,2025-12-01T13:40,2025-12-07T23:44,2025-12,703.84,163.73,72.5,571.7,506.5,0,CNTZO|KRYOS,1,ok
C001,C001-1,202506-3-CNTZO-KRYOS,58,KRYOS,KRYOS,2025-12-08T03:00,2025-12-12T18:12,2025-12,16.3,114.47,24.6,505.9,481.9,0,KRYOS,1,ok
C001,C001-1,202507-1-KRYOS-KRUSN,59,KRYOS,KRUSN,2025-12-12T19:15,2025-12-13T11:55,2025-12,138.0,17.72,11.3,480.9,470.6,0,KRUSN|KRYOS,1,ok
C001,C001-1,202507-1-KRYOS-KRUSN,60,KRUSN,KRUSN,2025-12-14T03:00,2025-12-16T03:00,2025-12,5.0,63.08,18.6,466.9,452.0,0,KRUSN,1,ok
C001,C001-1,202507-2-KRUSN-SGSIN,61,KRUSN,SGSIN,2025-12-16T05:30,2025-12-24T05:35,2025-12,2570.2,194.58,206.0,451.0,246.0,0,KRUSN|SGSIN,1,ok
C001,C001-1,202507-2-KRUSN-SGSIN,62,SGSIN,SGSIN,2025-12-25T04:00,2025-12-26T22:26,2025-12,6.0,64.85,12.5,1320.1,1311.9,0,SGSIN,1,ok
C001,C001-1,202507-3-SGSIN-INNSA,63,SGSIN,INNSA,2025-12-26T23:00,2025-12-30T05:00,2025-12,1208.0,78.57,97.7,1311.3,1214.2,0,INNSA|SGSIN,1,ok
C001,C001-2,202407-7-ESVIL-BEANR,1,BEANR,BEANR,2025-01-01T11:00,2025-01-01T21:45,2025-01,0.0,34.75,15.4,74.0,70.4,0,BEANR,0,ok
C001,C001-2,202407-8-BEANR-NLRTM,2,BEANR,NLRTM,2025-01-02T04:15,2025-01-02T09:35,2025-01,115.0,11.83,12.4,63.4,58.9,0,BEANR|NLRTM,1,ok
C001,C001-2,202407-8-BEANR-NLRTM,3,NLRTM,NLRTM,2025-01-02T11:00,2025-01-08T11:00,2025-01,89.0,142.17,45.1,58.5,1551.9,1,NLRTM,1,ok
C001,C001-2,202407-2-BEANR-NLRTM,4,NLRTM,NLRTM,2025-01-07T11:00,2025-01-07T11:00,2025-01,15.0,3.25,3.9,1566.4,1566.4,0,NLRTM,1,ok
C001,C001-2,202407-9-NLRTM-USHOU,5,NLRTM,USHOU,2025-01-08T15:30,2025-01-25T11:00,2025-01,5543.0,408.0,552.5,1547.9,999.4,0,NLRTM|USHOU,1,ok
C001,C001-2,202407-9-NLRTM-USHOU,6,USHOU,USHOU,2025-01-25T18:00,2025-02-01T09:50,2025-01,79.1,166.83,45.8,998.4,956.9,0,USHOU,0,ok
C001,C001-2,202501-1-USHOU-NLTNZ,7,USHOU,NLTNZ,2025-02-01T14:10,2025-02-17T19:35,2025-02,5274.0,393.74,540.3,951.9,460.8,0,NLTNZ|USHOU,0,ok
C001,C001-2,202501-1-USHOU-NLTNZ,8,NLTNZ,NLTNZ,2025-02-18T11:00,2025-03-06T20:30,2025-02,224.38,408.92,161.1,455.7,1378.7,1,NLTNZ,0,ok
C001,C001-2,202501-2-NLTNZ-NLRTM,9,NLTNZ,NLRTM,2025-03-06T20:40,2025-03-08T07:25,2025-03,202.6,34.92,22.5,1378.5,1357.5,0,NLRTM|NLTNZ,1,ok
C001,C001-2,202501-2-NLTNZ-NLRTM,10,NLRTM,NLRTM,2025-03-08T11:00,2025-03-10T11:00,2025-03,146.0,51.58,23.5,1356.9,1335.9,0,NLRTM,1,ok
C001,C001-2,202502-1-NLRTM-BEANR,11,NLRTM,BEANR,2025-03-10T17:20,2025-03-11T22:00,2025-03,199.4,34.99,19.7,1334.2,1317.5,0,BEANR|NLRTM,1,ok
C001,C001-2,202502-1-NLRTM-BEANR,12,BEANR,BEANR,2025-03-12T11:00,2025-03-23T11:00,2025-03,10.16,277.0,75.25,1314.0,1463.9,1,BEANR,0,ok
C001,C001-2,202502-2-BEANR-USTPA,13,BEANR,USTPA,2025-03-23T18:48,2025-04-06T17:35,2025-03,4753.0,342.58,435.4,1456.2,1029.8,0,BEANR|USTPA,0,ok
C001,C001-2,202502-2-BEANR-USTPA,14,USTPA,USTPA,2025-04-07T16:00,2025-04-07T20:52,2025-04,0.0,27.29,6.6,1024.3,1023.2,0,USTPA,0,ok
C001,C001-2,202502-3-USTPA-USHOU,15,USTPA,USHOU,2025-04-08T00:00,2025-04-10T23:30,2025-04,733.0,74.63,70.2,1020.6,953.0,0,USHOU|USTPA,0,ok
C001,C001-2,202502-3-USTPA-USHOU,16,USHOU,USHOU,2025-04-11T17:00,2025-04-22T00:20,2025-04,198.0,264.83,59.4,949.6,1093.6,1,USHOU,0,ok
C001,C001-2,202502-4-USHOU-BEANR,17,USHOU,BEANR,2025-04-22T03:15,2025-05-09T14:35,2025-04,5111.0,422.25,504.2,1090.6,607.5,0,BEANR|USHOU,0,ok
C001,C001-2,202502-4-USHOU-BEANR,18,BEANR,BEANR,2025-05-10T10:00,2025-05-22T10:00,2025-05,140.0,307.42,132.1,602.8,787.3,1,BEANR,0,ok
C001,C001-2,202502-5-BEANR-NLRTM,19,BEANR,NLRTM,2025-05-22T11:45,2025-05-23T22:05,2025-05,178.0,36.08,22.5,785.2,767.0,0,BEANR|NLRTM,1,ok
C001,C001-2,202502-5-BEANR-NLRTM,20,NLRTM,NLRTM,2025-05-24T10:00,2025-05-28T05:10,2025-05,0.0,103.09,29.6,764.5,933.6,1,NLRTM,1,ok
C001,C001-2,202503-1-NLRTM-USILM,21,NLRTM,USILM,2025-05-28T07:40,2025-06-10T15:27,2025-05,3863.0,322.28,381.8,932.1,560.7,0,NLRTM|USILM,1,ok
C001,C001-2,202503-1-NLRTM-USILM,22,USILM,USILM,2025-06-10T16:00,2025-06-11T03:35,2025-06,0.0,12.13,4.7,560.6,557.0,0,USILM,0,ok
C001,C001-2,202503-2-USILM-USBTR,23,USILM,USBTR,2025-06-11T06:35,2025-06-17T00:35,2025-06,1465.0,141.0,143.5,554.2,415.1,0,USBTR|USILM,0,ok
C001,C001-2,202503-2-USILM-USBTR,24,USBTR,USBTR,2025-06-17T17:00,2025-06-18T21:20,2025-06,0.03,44.75,17.6,409.8,399.0,0,USBTR,0,ok
C001,C001-2,202503-3-USBTR-USFPO,25,USBTR,USFPO,2025-06-19T11:30,2025-06-26T13:00,2025-06,578.76,183.67,70.5,387.6,328.5,0,USBTR|USFPO,0,ok
C001,C001-2,202503-3-USBTR-USFPO,26,USFPO,USFPO,2025-06-26T17:00,2025-06-29T02:15,2025-06,0.0,61.25,10.4,327.8,318.1,0,USFPO,0,ok
C001,C001-2,202504-1-USFPO-USHOU,27,USFPO,USHOU,2025-06-29T03:00,2025-06-29T16:20,2025-06,131.84,14.09,9.8,317.4,308.3,0,USFPO|USHOU,0,ok
C001,C001-2,202504-1-USFPO-USHOU,28,USHOU,USHOU,2025-06-29T17:00,2025-07-10T08:10,2025-06,256.0,255.84,77.9,308.2,436.8,1,USHOU,0,ok
C001,C001-2,202504-2-USHOU-JPYOK,29,USHOU,JPYOK,2025-07-10T13:00,2025-08-09T01:16,2025-07,9386.0,713.1,897.7,431.8,445.9,1,JPYOK|USHOU,0,ok
C001,C001-2,202504-2-USHOU-JPYOK,30,JPYOK,JPYOK,2025-08-09T03:00,2025-08-12T08:40,2025-08,0.0,79.4,22.5,445.2,427.2,0,JPYOK,0,ok
C001,C001-2,202504-3-JPYOK-KRUSN,31,JPYOK,KRUSN,2025-08-12T10:30,2025-08-14T22:40,2025-08,679.0,62.0,72.4,425.1,357.4,0,JPYOK|KRUSN,1,ok
C001,C001-2,202504-3-JPYOK-KRUSN,32,KRUSN,KRUSN,2025-08-15T03:00,2025-08-22T11:45,2025-08,138.0,181.08,77.0,356.4,440.6,1,KRUSN,1,ok
C001,C001-2,202504-4-KRUSN-CNCHX,33,KRUSN,CNCHX,2025-08-22T13:00,2025-08-25T09:50,2025-08,681.07,70.08,67.7,438.3,374.1,0,CNCHX|KRUSN,1,ok
C001,C001-2,202504-4-KRUSN-CNCHX,34,CNCHX,CNCHX,2025-08-26T04:00,2025-09-19T04:00,2025-08,50.82,594.17,79.9,369.0,541.6,1,CNCHX,0,ok
C001,C001-2,202504-5-CNCHX-IDBTM,35,CNCHX,IDBTM,2025-09-19T16:20,2025-09-26T04:50,2025-09,2319.0,167.83,202.1,528.9,339.5,0,CNCHX|IDBTM,0,ok
C001,C001-2,202504-5-CNCHX-IDBTM,36,IDBTM,IDBTM,2025-09-26T05:00,2025-09-27T10:55,2025-09,0.0,30.09,6.6,339.4,333.3,0,IDBTM,0,ok
C001,C001-2,202505-1-IDBTM-IDDUM,37,IDBTM,IDDUM,2025-09-28T04:45,2025-09-29T01:30,2025-09,238.65,38.58,20.8,330.1,312.5,0,IDBTM|IDDUM,0,ok
C001,C001-2,202505-1-IDBTM-IDDUM,38,IDDUM,IDDUM,2025-09-29T05:00,2025-10-03T08:30,2025-09,9.2,103.0,21.4,311.9,292.6,0,IDDUM,0,ok
C001,C001-2,202505-2-IDDUM-SGSIN,39,IDDUM,SGSIN,2025-10-03T13:10,2025-10-04T04:15,2025-10,193.95,19.76,10.3,289.1,282.3,0,IDDUM|SGSIN,1,ok
C001,C001-2,202505-2-IDDUM-SGSIN,40,SGSIN,SGSIN,2025-10-05T04:00,2025-10-07T23:10,2025-10,0.0,90.92,12.9,279.2,1419.1,1,SGSIN,1,ok
C001,C001-2,202505-3-SGSIN-IDPLG,41,SGSIN,IDPLG,2025-10-07T23:30,2025-10-11T15:00,2025-10,140.13,15.49,10.6,1418.9,1397.9,0,IDPLG|SGSIN,1,ok
C001,C001-2,202505-3-SGSIN-IDPLG,42,IDPLG,IDPLG,2025-10-09T04:00,2025-10-15T05:00,2025-10,11.16,158.34,26.2,1409.8,1384.1,0,IDPLG,0,ok
C001,C001-2,202505-4-IDPLG-MYPGU,43,IDPLG,MYPGU,2025-10-15T08:00,2025-10-16T00:50,2025-10,207.69,19.83,16.25,1381.3,1368.2,0,IDPLG|MYPGU,0,ok
C001,C001-2,202505-4-IDPLG-MYPGU,44,MYPGU,MYPGU,2025-10-16T04:00,2025-10-17T01:50,2025-10,0.0,25.0,4.45,1367.7,1364.1,0,MYPGU,0,ok
C001,C001-2,202505-5-MYPGU-SGSIN,45,MYPGU,SGSIN,2025-10-17T04:00,2025-10-17T05:50,2025-10,27.76,4.0,2.5,1362.7,1361.7,0,MYPGU|SGSIN,1,ok
C001,C001-2,202505-5-MYPGU-SGSIN,46,SGSIN,SGSIN,2025-10-17T08:35,2025-10-17T08:35,2025-10,0.0,2.75,0.5,1361.2,1361.2,0,SGSIN,1,ok
C001,C001-2,202505-6-SGSIN-IDGRE,47,SGSIN,IDGRE,2025-10-17T09:30,2025-10-19T15:00,2025-10,780.0,54.42,63.9,1360.8,1297.4,0,IDGRE|SGSIN,1,ok
C001,C001-2,202505-6-SGSIN-IDGRE,48,IDGRE,IDGRE,2025-10-20T05:00,2025-10-22T09:18,2025-10,0.0,66.3,19.4,1294.8,1281.3,0,IDGRE,0,ok
C001,C001-2,202505-7-IDGRE-BRPNG,49,IDGRE,BRPNG,2025-10-22T11:30,2025-11-21T15:52,2025-10,9165.0,726.57,1057.8,1279.8,923.5,1,BRPNG|IDGRE,0,ok
C001,C001-2,202505-7-IDGRE-BRPNG,50,BRPNG,BRPNG,2025-11-22T15:00,2025-11-25T02:20,2025-11,0.0,82.46,38.7,915.6,894.8,0,BRPNG,0,ok
C001,C001-2,202505-8-BRPNG-USNYC,51,BRPNG,USNYC,2025-11-25T04:15,2025-12-10T11:50,2025-11,4760.0,369.5,545.8,893.2,392.3,0,BRPNG|USNYC,0,ok
C001,C001-2,202505-8-BRPNG-USNYC,52,USNYC,USNYC,2025-12-10T17:00,2025-12-13T01:45,2025-12,8.0,61.92,37.9,389.9,363.5,0,USNYC,0,ok
C001,C001-2,202505-9-USNYC-USMSY,53,USNYC,USMSY,2025-12-13T04:50,2025-12-19T03:55,2025-12,2031.65,146.17,221.0,360.5,154.0,0,USMSY|USNYC,0,ok
C001,C001-2,202505-9-USNYC-USMSY,54,USMSY,USMSY,2025-12-19T18:00,2025-12-20T07:00,2025-12,0.0,27.08,5.7,151.5,1149.1,1,USMSY,0,ok
C001,C001-2,202505-10-USMSY-MXVER,55,USMSY,MXVER,2025-12-20T15:40,2025-12-22T22:40,2025-12,814.7,63.67,72.1,1143.0,1078.8,0,MXVER|USMSY,0,ok
C001,C001-2,202505-10-USMSY-MXVER,56,MXVER,MXVER,2025-12-23T18:00,2025-12-25T19:15,2025-12,0.0,68.58,10.7,1076.0,1068.4,0,MXVER,0,ok
C001,C001-2,202505-11-MXVER-USHOU,57,MXVER,USHOU,2025-12-25T20:20,2025-12-30T18:00,2025-12,544.8,118.75,54.9,1067.8,1013.5,0,MXVER|USHOU,0,ok
C002,C002-1,202407-2-SAJUB-AEFJR,1,SAJUB,AEFJR,2025-01-01T08:00,2025-01-01T22:00,2025-01,427.0,38.0,36.0,545.8,537.7,0,AEFJR|SAJUB,0,ok
C002,C002-1,202407-2-SAJUB-AEFJR,2,AEFJR,AEFJR,2025-01-02T06:55,2025-01-02T08:00,2025-01,0.0,10.0,1.8,1323.6,1323.4,0,AEFJR,0,ok
C002,C002-1,202408-1-AEFJR-ZADUR,3,AEFJR,ZADUR,2025-01-02T08:48,2025-01-14T21:10,2025-01,4006.0,301.17,347.0,1323.0,976.4,0,AEFJR|ZADUR,0,ok
C002,C002-1,202408-1-AEFJR-ZADUR,4,ZADUR,ZADUR,2025-01-15T10:00,2025-01-22T23:48,2025-01,3.0,194.63,38.9,974.1,937.5,0,ZADUR,0,ok
C002,C002-1,202501-1-ZADUR-ZARCB,5,ZADUR,ZARCB,2025-01-23T00:12,2025-01-24T08:40,2025-01,201.0,32.87,19.2,937.3,919.3,0,ZADUR|ZARCB,0,ok
C002,C002-1,202501-1-ZADUR-ZARCB,6,ZARCB,ZARCB,2025-01-24T10:00,2025-01-26T23:40,2025-01,0.0,63.0,13.1,919.2,908.3,0,ZARCB,0,ok
C002,C002-1,202501-2-ZARCB-BEANR,7,ZARCB,BEANR,2025-01-27T00:00,2025-02-19T04:30,2025-01,7168.0,556.83,627.0,908.1,284.0,0,BEANR|ZARCB,0,ok
C002,C002-1,202501-2-ZARCB-BEANR,8,BEANR,BEANR,2025-02-19T11:00,2025-02-23T11:00,2025-02,60.0,102.5,28.4,282.9,435.67,1,BEANR,0,ok
C002,C002-1,202501-3-BEANR-NLRTM,9,BEANR,NLRTM,2025-02-23T12:18,2025-02-24T16:55,2025-02,266.0,29.92,20.9,432.87,414.77,0,BEANR|NLRTM,1,ok
C002,C002-1,202501-3-BEANR-NLRTM,10,NLRTM,NLRTM,2025-02-25T11:00,2025-03-07T18:27,2025-02,15.0,265.53,55.7,410.87,1386.26,1,NLRTM,1,ok
C002,C002-1,202502-1-NLRTM-GBFAW,11,NLRTM,GBFAW,2025-03-07T20:42,2025-03-10T12:35,2025-03,266.0,66.13,34.7,1383.56,1351.56,0,GBFAW|NLRTM,1,ok
C002,C002-1,202502-1-NLRTM-GBFAW,12,GBFAW,GBFAW,2025-03-11T12:00,2025-03-12T04:33,2025-03,0.0,39.97,9.3,1346.46,1342.26,0,GBFAW,0,ok
C002,C002-1,202502-2-GBFAW-ZADUR,13,GBFAW,ZADUR,2025-03-12T06:36,2025-04-03T07:20,2025-03,6906.0,530.78,693.62,1340.16,679.65,0,GBFAW|ZADUR,0,ok
C002,C002-1,202502-2-GBFAW-ZADUR,14,ZADUR,ZADUR,2025-04-03T10:00,2025-04-07T12:00,2025-04,0.0,100.67,39.76,679.05,646.42,0,ZADUR,0,ok
C002,C002-1,202502-3-ZADUR-KEMBA,15,ZADUR,KEMBA,2025-04-07T12:24,2025-04-13T11:00,2025-04,1827.0,143.0,171.39,646.02,476.13,0,KEMBA|ZADUR,0,ok
C002,C002-1,202502-3-ZADUR-KEMBA,16,KEMBA,KEMBA,2025-04-14T09:00,2025-04-14T13:35,2025-04,0.0,26.58,7.35,470.33,469.18,0,KEMBA,0,ok
C002,C002-1,202502-4-KEMBA-ZARCB,17,KEMBA,ZARCB,2025-04-14T14:18,2025-04-20T07:45,2025-04,1714.0,138.17,153.39,468.58,315.79,0,KEMBA|ZARCB,0,ok
C002,C002-1,202502-4-KEMBA-ZARCB,18,ZARCB,ZARCB,2025-04-20T10:00,2025-04-23T05:10,2025-04,0.0,69.42,12.2,315.49,303.59,0,ZARCB,0,ok
C002,C002-1,202503-1-ZARCB-ZADUR,19,ZARCB,ZADUR,2025-04-23T05:30,2025-04-24T03:30,2025-04,115.0,22.33,12.74,303.19,290.85,0,ZADUR|ZARCB,0,ok
C002,C002-1,202503-1-ZARCB-ZADUR,20,ZADUR,ZADUR,2025-04-24T10:00,2025-04-27T02:00,2025-04,0.0,70.5,13.8,289.55,926.97,1,ZADUR,0,ok
C002,C002-1,202503-2-ZADUR-BEANR,21,ZADUR,BEANR,2025-04-27T02:24,2025-05-18T19:30,2025-04,7064.0,521.5,623.38,926.57,306.69,0,BEANR|ZADUR,0,ok
C002,C002-1,202503-2-ZADUR-BEANR,22,BEANR,BEANR,2025-05-19T10:00,2025-05-24T15:38,2025-05,9.4,140.13,41.4,303.89,1005.42,1,BEANR,0,ok
C002,C002-1,202503-3-BEANR-NLRTM,23,BEANR,NLRTM,2025-05-25T00:12,2025-05-26T23:40,2025-05,427.0,56.04,41.4,997.22,964.02,0,BEANR|NLRTM,1,ok
C002,C002-1,202503-3-BEANR-NLRTM,24,NLRTM,NLRTM,2025-05-27T10:00,2025-05-30T20:10,2025-05,0.0,92.5,17.3,961.82,946.72,0,NLRTM,1,ok
C002,C002-1,202504-1-NLRTM-USNYC,25,NLRTM,USNYC,2025-05-30T22:06,2025-06-12T01:55,2025-05,3467.0,293.75,335.87,945.22,608.71,0,NLRTM|USNYC,1,ok
C002,C002-1,202504-1-NLRTM-USNYC,26,USNYC,USNYC,2025-06-12T16:00,2025-06-15T10:15,2025-06,3.09,80.33,20.5,605.51,588.21,0,USNYC,0,ok
C002,C002-1,202504-2-USNYC-USPOA,27,USNYC,USPOA,2025-06-15T12:48,2025-06-24T07:36,2025-06,2161.0,213.35,205.68,585.31,382.53,0,USNYC|USPOA,0,ok
C002,C002-1,202504-2-USNYC-USPOA,28,USPOA,USPOA,2025-06-24T17:00,2025-06-26T14:30,2025-06,0.0,54.9,8.98,380.83,373.55,0,USPOA,0,ok
C002,C002-1,202504-3-USPOA-USCRP,29,USPOA,USCRP,2025-06-26T16:48,2025-06-29T00:30,2025-06,354.0,58.0,32.63,371.95,340.92,0,USCRP|USPOA,0,ok
C002,C002-1,202504-3-USPOA-USCRP,30,USCRP,USCRP,2025-06-29T17:00,2025-06-30T08:06,2025-06,1.0,31.6,5.22,338.22,535.69,1,USCRP,0,ok
C002,C002-1,202504-4-USCRP-USHOU,31,USCRP,USHOU,2025-06-30T10:36,2025-07-02T06:40,2025-06,254.0,46.57,27.12,534.29,508.57,0,USCRP|USHOU,0,ok
C002,C002-1,202504-4-USCRP-USHOU,32,USHOU,USHOU,2025-07-02T17:00,2025-07-07T10:10,2025-07,189.0,123.5,37.0,507.07,826.77,1,USHOU,0,ok
C002,C002-1,202504-5-USHOU-BEANR,33,USHOU,BEANR,2025-07-07T13:36,2025-07-23T13:12,2025-07,5156.0,387.03,441.87,823.47,384.9,0,BEANR|USHOU,0,ok
C002,C002-1,202504-5-USHOU-BEANR,34,BEANR,BEANR,2025-07-24T10:00,2025-07-29T10:00,2025-07,29.0,140.8,28.24,381.1,1391.52,1,BEANR,0,ok
C002,C002-1,202504-6-BEANR-NLRTM,35,BEANR,NLRTM,2025-07-29T15:18,2025-07-30T17:48,2025-07,270.0,31.8,22.1,1388.32,1370.75,0,BEANR|NLRTM,1,ok
C002,C002-1,202504-6-BEANR-NLRTM,36,NLRTM,NLRTM,2025-07-31T10:00,2025-08-02T16:36,2025-07,3.0,70.8,14.0,1366.52,1355.42,0,NLRTM,1,ok
C002,C002-1,202504-7-NLRTM-BEGNE,37,NLRTM,BEGNE,2025-08-02T18:42,2025-08-05T20:50,2025-08,180.75,76.23,26.3,1354.12,1329.12,0,BEGNE|NLRTM,1,ok
C002,C002-1,202504-7-NLRTM-BEGNE,38,BEGNE,BEGNE,2025-08-06T10:00,2025-08-07T16:00,2025-08,0.0,43.17,7.4,1466.77,1461.47,0,BEGNE,0,ok
C002,C002-1,202505-1-BEGNE-GBLIV,39,BEGNE,GBLIV,2025-08-08T00:06,2025-08-10T11:50,2025-08,723.0,67.83,67.4,1453.77,1395.57,0,BEGNE|GBLIV,0,ok
C002,C002-1,202505-1-BEGNE-GBLIV,40,GBLIV,GBLIV,2025-08-11T11:00,2025-08-13T11:00,2025-08,0.5,71.17,13.0,1390.87,1382.57,0,GBLIV,0,ok
C002,C002-1,202505-2-GBLIV-USRD4,41,GBLIV,USRD4,2025-08-13T14:48,2025-09-19T17:25,2025-08,7986.5,894.42,992.9,1380.07,951.22,1,GBLIV|USRD4,0,ok
C002,C002-1,202505-2-GBLIV-USRD4,42,USRD4,USRD4,2025-09-19T19:00,2025-09-28T01:54,2025-09,52.0,200.48,76.1,950.52,887.22,0,USRD4,0,ok
C002,C002-1,202505-3-USRD4-KRYOS,43,USRD4,KRYOS,2025-09-28T05:06,2025-10-17T23:06,2025-09,5488.0,477.2,555.8,883.82,331.42,0,KRYOS|USRD4,1,ok
C002,C002-1,202505-3-USRD4-KRYOS,44,KRYOS,KRYOS,2025-10-18T03:00,2025-10-19T03:00,2025-10,9.0,27.9,10.2,330.32,521.22,1,KRYOS,1,ok
C002,C002-1,202506-1-KRYOS-CNRUG,45,KRYOS,CNRUG,2025-10-19T06:18,2025-10-24T11:48,2025-10,559.0,128.8,71.2,1320.02,1250.02,0,CNRUG|KRYOS,1,ok
C002,C002-1,202506-1-KRYOS-CNRUG,46,CNRUG,CNRUG,2025-10-25T04:00,2025-10-26T04:00,2025-10,25.0,40.2,8.7,1247.12,1241.32,0,CNRUG,0,ok
C002,C002-1,202507-1-CNRUG-MXLZC,47,CNRUG,MXLZC,2025-10-26T12:54,2025-11-19T15:06,2025-10,7291.0,587.1,682.7,1232.22,556.82,0,CNRUG|MXLZC,0,ok
C002,C002-1,202507-1-CNRUG-MXLZC,48,MXLZC,MXLZC,2025-11-19T18:00,2025-12-09T00:06,2025-11,0.0,465.0,82.7,556.32,474.12,0,MXLZC,0,ok
C002,C002-1,202507-2-MXLZC-USPCR,49,MXLZC,USPCR,2025-12-09T00:36,2025-12-20T17:00,2025-12,3247.3,280.9,293.3,473.82,406.85,1,MXLZC|USPCR,0,ok
C002,C002-1,202507-2-MXLZC-USPCR,50,USPCR,USPCR,2025-12-20T18:00,2025-12-23T18:24,2025-12,0.0,73.4,13.0,406.55,393.85,0,USPCR,0,ok
C002,C002-1,202508-1-USPCR-USFPO,51,USPCR,USFPO,2025-12-23T21:12,2025-12-24T22:45,2025-12,118.0,28.35,15.6,390.95,378.25,0,USFPO|USPCR,0,ok
C002,C002-1,202508-1-USPCR-USFPO,52,USFPO,USFPO,2025-12-25T18:00,2025-12-27T09:12,2025-12,0.0,58.45,8.5,375.65,369.75,0,USFPO,0,ok
C002,C002-1,202508-2-USFPO-INBOM,53,USFPO,INBOM,2025-12-27T10:12,2025-12-30T17:00,2025-12,1024.5,79.8,92.9,368.55,276.85,0,INBOM|USFPO,0,ok
C003,C003-1,202406-4-COBUN-PECLL,1,PECLL,PECLL,2025-01-01T17:00,2025-01-24T17:00,2025-01,12.5,310.12,129.28,589.92,650.88,1,PECLL,0,ok
C003,C003-1,202406-4-COBUN-PECLL,2,COBUN,PECLL,2025-01-12T17:00,2025-01-23T17:00,2025-01,6.06,265.88,90.46,717.84,657.78,0,COBUN|PECLL,0,ok
C003,C003-1,202406-5-PECLL-CLMJS,3,PECLL,CLMJS,2025-01-25T04:00,2025-01-27T23:45,2025-01,793.3,78.75,74.78,648.42,586.7,0,CLMJS|PECLL,0,ok
C003,C003-1,202406-5-PECLL-CLMJS,4,CLMJS,CLMJS,2025-01-28T15:00,2025-01-28T17:55,2025-01,0.0,18.17,7.01,582.68,581.79,0,CLMJS,0,ok
C003,C003-1,202406-6-CLMJS-CLQTV,5,CLMJS,CLQTV,2025-01-28T18:42,2025-01-30T22:52,2025-01,618.0,52.95,52.6,581.61,535.29,0,CLMJS|CLQTV,0,ok
C003,C003-1,202406-6-CLMJS-CLQTV,6,CLQTV,CLQTV,2025-01-31T15:00,2025-02-02T15:00,2025-01,5.3,64.13,22.84,530.63,518.05,0,CLQTV,0,ok
C003,C003-1,202406-7-CLQTV-CLSAI,7,CLQTV,CLSAI,2025-02-02T15:48,2025-02-04T23:15,2025-02,73.0,56.25,13.8,517.75,504.25,0,CLQTV|CLSAI,0,ok
C003,C003-1,202406-7-CLQTV-CLSAI,8,CLSAI,CLSAI,2025-02-05T15:00,2025-02-07T15:00,2025-02,0.0,63.75,13.8,500.5,490.45,0,CLSAI,0,ok
C003,C003-1,202406-8-CLSAI-ECGYE,9,CLSAI,ECGYE,2025-02-07T15:42,2025-02-14T00:25,2025-02,2056.04,153.42,128.52,490.25,361.93,0,CLSAI|ECGYE,0,ok
C003,C003-1,202406-8-CLSAI-ECGYE,10,ECGYE,ECGYE,2025-02-14T17:00,2025-02-16T17:00,2025-02,113.6,64.58,14.4,359.03,347.53,0,ECGYE,0,ok
C003,C003-1,202406-9-ECGYE-PABLB,11,ECGYE,PABLB,2025-02-17T03:36,2025-02-22T17:36,2025-02,839.2,144.6,59.86,344.13,287.67,0,ECGYE|PABLB,0,ok
C003,C003-1,202406-9-ECGYE-PABLB,12,PABLB,PABLB,2025-02-23T17:00,2025-03-03T14:00,2025-02,0.0,212.4,28.29,284.78,259.38,0,PABLB,0,ok
C003,C003-1,202406-10-PABLB-USHOU,13,PABLB,USHOU,2025-03-03T14:42,2025-03-11T10:55,2025-03,1633.52,188.92,110.1,259.2,465.44,1,PABLB|USHOU,0,ok
C003,C003-1,202406-10-PABLB-USHOU,14,USHOU,USHOU,2025-03-11T17:00,2025-03-16T03:20,2025-03,67.95,112.41,18.5,464.34,446.94,0,USHOU,0,ok
C003,C003-1,202501-1-USHOU-USFPO,15,USHOU,USFPO,2025-03-16T07:00,2025-03-16T14:05,2025-03,113.0,10.75,6.7,444.64,440.24,0,USFPO|USHOU,0,ok
C003,C003-1,202501-1-USHOU-USFPO,16,USFPO,USFPO,2025-03-16T17:00,2025-03-19T17:10,2025-03,0.0,75.09,11.02,439.44,429.22,0,USFPO,0,ok
C003,C003-1,202501-2-USFPO-JPYOK,17,USFPO,JPYOK,2025-03-19T18:06,2025-04-24T17:54,2025-03,9566.23,864.73,707.41,428.62,311.87,1,JPYOK|USFPO,0,ok
C003,C003-1,202501-2-USFPO-JPYOK,18,JPYOK,JPYOK,2025-04-25T03:00,2025-04-25T04:24,2025-04,0.0,10.5,3.9,309.47,309.07,0,JPYOK,0,ok
C003,C003-1,202501-3-JPYOK-KRUSN,19,JPYOK,KRUSN,2025-04-25T06:00,2025-04-27T23:10,2025-04,672.27,66.77,58.6,307.77,255.47,0,JPYOK|KRUSN,1,ok
C003,C003-1,202501-3-JPYOK-KRUSN,20,KRUSN,KRUSN,2025-04-28T03:00,2025-05-02T16:16,2025-04,87.08,113.1,27.0,254.27,378.47,1,KRUSN,1,ok
C003,C003-1,202501-4-KRUSN-CNCHX,21,KRUSN,CNCHX,2025-05-02T17:36,2025-05-05T10:54,2025-05,601.0,66.63,47.95,377.47,330.52,0,CNCHX|KRUSN,1,ok
C003,C003-1,202501-4-KRUSN-CNCHX,22,CNCHX,CNCHX,2025-05-06T04:00,2025-06-03T05:05,2025-05,11.07,690.18,49.32,326.22,285.1,0,CNCHX,0,ok
C003,C003-1,202501-5-CNCHX-KRKUV,23,CNCHX,KRKUV,2025-06-03T15:54,2025-06-05T01:30,2025-06,540.0,44.42,31.48,278.42,253.62,0,CNCHX|KRKUV,1,ok
C003,C003-1,202501-5-CNCHX-KRKUV,24,KRKUV,KRKUV,2025-06-05T03:00,2025-06-06T15:40,2025-06,0.0,38.17,5.88,253.54,247.74,0,KRKUV,1,ok
C003,C003-1,202502-1-KRKUV-KRINC,25,KRKUV,KRINC,2025-06-06T16:36,2025-06-07T04:00,2025-06,133.6,12.33,7.54,247.34,240.2,0,KRINC|KRKUV,1,ok
C003,C003-1,202502-1-KRKUV-KRINC,26,KRINC,KRINC,2025-06-08T00:06,2025-06-08T00:06,2025-06,0.0,20.1,4.0,436.6,436.6,0,KRINC,1,ok
C003,C003-1,202502-2-KRINC-CNTNJ,27,KRINC,CNTNJ,2025-06-08T02:30,2025-06-11T11:20,2025-06,471.5,83.23,53.3,435.4,391.9,0,CNTNJ|KRINC,1,ok
C003,C003-1,202502-2-KRINC-CNTNJ,28,CNTNJ,CNTNJ,2025-06-12T04:00,2025-06-13T22:36,2025-06,0.0,59.27,17.2,387.8,378.8,0,CNTNJ,0,ok
C003,C003-1,202502-3-CNTNJ-SGSIN,29,CNTNJ,SGSIN,2025-06-14T01:00,2025-06-27T16:40,2025-06,2833.66,330.07,339.0,377.6,785.48,1,CNTNJ|SGSIN,1,ok
C003,C003-1,202502-3-CNTNJ-SGSIN,30,SGSIN,SGSIN,2025-06-28T04:00,2025-06-30T01:35,2025-06,0.0,56.91,23.4,781.98,768.38,0,SGSIN,1,ok
C003,C003-1,202502-4-SGSIN-KRYOS,31,SGSIN,KRYOS,2025-06-30T02:36,2025-07-09T12:48,2025-06,2608.0,227.22,157.88,767.88,610.5,0,KRYOS|SGSIN,1,ok
C003,C003-1,202502-4-SGSIN-KRYOS,32,KRYOS,KRYOS,2025-07-10T03:00,2025-07-10T22:06,2025-07,0.0,33.3,5.9,608.6,604.6,0,KRYOS,1,ok
C003,C003-1,202503-1-KRYOS-THSAT,33,KRYOS,THSAT,2025-07-10T23:24,2025-07-19T09:24,2025-07,2542.03,203.3,158.1,603.8,446.5,0,KRYOS|THSAT,1,ok
C003,C003-1,202503-1-KRYOS-THSAT,34,THSAT,THSAT,2025-07-20T05:00,2025-07-23T00:18,2025-07,0.0,86.9,13.8,443.1,432.7,0,THSAT,0,ok
C003,C003-1,202503-2-THSAT-ZARCB,35,THSAT,ZARCB,2025-07-23T00:54,2025-08-15T20:50,2025-07,5878.45,556.03,396.99,432.4,742.3,1,THSAT|ZARCB,0,ok
C003,C003-1,202503-2-THSAT-ZARCB,36,ZARCB,ZARCB,2025-07-26T04:00,2025-08-18T08:36,2025-07,21.38,76.27,14.0,1089.39,971.58,1,ZARCB,0,ok
C003,C003-1,202503-3-ZARCB-BEANR,37,ZARCB,BEANR,2025-08-18T09:30,2025-09-13T07:10,2025-08,7170.83,622.57,528.78,971.28,455.7,0,BEANR|ZARCB,0,ok
C003,C003-1,202503-3-ZARCB-BEANR,38,BEANR,BEANR,2025-09-13T10:00,2025-10-08T10:00,2025-09,706.07,602.83,159.97,455.1,788.82,1,BEANR,0,ok
C003,C003-1,202503-4-BEANR-CLMJS,39,BEANR,CLMJS,2025-10-08T16:50,2025-11-06T06:45,2025-10,7075.43,692.75,527.92,783.92,552.0,1,BEANR|CLMJS,0,ok
C003,C003-1,202503-4-BEANR-CLMJS,40,CLMJS,CLMJS,2025-11-06T15:00,2025-11-07T18:00,2025-11,0.0,35.25,8.4,549.9,543.6,0,CLMJS,0,ok
C003,C003-1,202504-1-CLMJS-CLBAR,41,CLMJS,CLBAR,2025-11-07T18:30,2025-11-24T11:15,2025-11,237.51,401.25,73.2,543.3,470.4,0,CLBAR|CLMJS,0,ok
C003,C003-1,202504-1-CLMJS-CLBAR,42,CLBAR,CLBAR,2025-11-24T15:00,2025-11-26T15:00,2025-11,0.0,51.75,15.1,470.0,455.3,0,CLBAR,0,ok
C003,C003-1,202504-2-CLBAR-USHOU,43,CLBAR,USHOU,2025-11-26T15:40,2025-12-21T01:12,2025-11,3947.04,586.2,279.42,455.1,375.4,1,CLBAR|USHOU,0,ok
C003,C003-1,202504-2-CLBAR-USHOU,44,USHOU,USHOU,2025-12-21T18:00,2025-12-30T18:00,2025-12,50.0,232.8,40.28,373.5,805.07,1,USHOU,0,ok
C004,C004-1,202407-3-USFPO-BRSSZ,1,USFPO,BRSSZ,2025-01-01T17:00,2025-01-15T20:36,2025-01,4435.0,363.6,395.58,846.52,500.79,0,BRSSZ|USFPO,0,ok
C004,C004-1,202407-3-USFPO-BRSSZ,2,BRSSZ,BRSSZ,2025-01-16T15:00,2025-01-23T00:32,2025-01,8.0,171.93,48.79,496.42,1160.37,1,BRSSZ,0,ok
C004,C004-1,202407-4-BRSSZ-BRRIO,3,BRSSZ,BRRIO,2025-01-23T01:36,2025-01-24T10:12,2025-01,251.0,33.67,23.77,1159.92,1136.6,0,BRRIO|BRSSZ,0,ok
C004,C004-1,202407-4-BRSSZ-BRRIO,4,BRRIO,BRRIO,2025-01-24T15:00,2025-01-25T15:50,2025-01,0.0,29.63,3.93,1135.97,1132.67,0,BRRIO,0,ok
C004,C004-1,202407-5-BRRIO-ARCMP,5,BRRIO,ARCMP,2025-01-25T16:42,2025-01-29T13:06,2025-01,1199.0,93.27,96.07,1132.01,1037.6,0,ARCMP|BRRIO,0,ok
C004,C004-1,202407-5-BRRIO-ARCMP,6,ARCMP,ARCMP,2025-01-29T15:00,2025-01-31T15:00,2025-01,140.0,49.9,27.03,1036.97,1011.07,0,ARCMP,0,ok
C004,C004-1,202407-6-ARCMP-USHOU,7,ARCMP,USHOU,2025-01-31T17:18,2025-02-20T16:48,2025-01,6433.0,481.8,485.78,1007.57,525.29,0,ARCMP|USHOU,0,ok
C004,C004-1,202407-6-ARCMP-USHOU,8,USHOU,USHOU,2025-02-20T18:00,2025-02-24T06:41,2025-02,21.1,85.88,44.51,525.05,942.94,1,USHOU,0,ok
C004,C004-1,202501-1-USHOU-BEANR,9,USHOU,BEANR,2025-02-24T10:36,2025-03-15T05:20,2025-02,5421.0,454.65,582.17,937.94,412.02,0,BEANR|USHOU,0,ok
C004,C004-1,202501-1-USHOU-BEANR,10,BEANR,BEANR,2025-03-15T11:00,2025-03-20T20:15,2025-03,16.07,134.92,56.53,408.92,365.72,0,BEANR,0,ok
C004,C004-1,202501-2-BEANR-NLRTM,11,BEANR,NLRTM,2025-03-21T04:48,2025-03-21T16:42,2025-03,208.0,20.45,23.87,356.83,341.85,0,BEANR|NLRTM,1,ok
C004,C004-1,202501-2-BEANR-NLRTM,12,NLRTM,NLRTM,2025-03-22T11:00,2025-03-23T20:40,2025-03,28.01,51.97,14.68,335.07,327.17,0,NLRTM,1,ok
C004,C004-1,202501-3-NLRTM-PLGDN,13,NLRTM,PLGDN,2025-03-23T21:48,2025-03-29T22:05,2025-03,731.0,145.41,70.53,326.57,256.64,0,NLRTM|PLGDN,1,ok
C004,C004-1,202501-3-NLRTM-PLGDN,14,PLGDN,PLGDN,2025-03-30T10:00,2025-04-16T20:45,2025-03,0.0,430.67,21.87,256.24,234.77,0,PLGDN,0,ok
C004,C004-1,202502-1-PLGDN-USBTR,15,PLGDN,USBTR,2025-04-16T23:06,2025-05-08T14:30,2025-04,6161.0,502.95,480.18,234.24,721.51,1,PLGDN|USBTR,0,ok
C004,C004-1,202502-1-PLGDN-USBTR,16,USBTR,USBTR,2025-04-18T10:00,2025-05-09T17:00,2025-04,54.0,45.3,9.76,208.77,715.49,1,USBTR,0,ok
C004,C004-1,202502-2-USBTR-USHOU,17,USBTR,USHOU,2025-05-10T01:12,2025-05-11T18:12,2025-05,474.0,49.2,39.94,708.31,675.55,0,USBTR|USHOU,0,ok
C004,C004-1,202502-2-USBTR-USHOU,18,USHOU,USHOU,2025-05-12T17:00,2025-05-27T00:45,2025-05,315.0,366.55,75.03,672.22,950.52,1,USHOU,0,ok
C004,C004-1,202502-3-USHOU-USFPO,19,USHOU,USFPO,2025-05-27T03:48,2025-05-27T15:35,2025-05,105.0,14.83,11.51,947.36,939.01,0,USFPO|USHOU,0,ok
C004,C004-1,202502-3-USHOU-USFPO,20,USFPO,USFPO,2025-05-27T17:00,2025-05-31T02:00,2025-05,1.0,82.42,14.38,938.69,924.63,0,USFPO,0,ok
C004,C004-1,202502-4-USFPO-BRSUA,21,USFPO,BRSUA,2025-05-31T02:48,2025-06-16T04:48,2025-05,4442.0,386.8,370.0,923.61,558.43,0,BRSUA|USFPO,0,ok
C004,C004-1,202502-4-USFPO-BRSUA,22,BRSUA,BRSUA,2025-06-16T15:00,2025-06-17T10:20,2025-06,0.0,29.53,6.52,556.32,552.91,0,BRSUA,0,ok
C004,C004-1,202502-5-BRSUA-BRARB,23,BRSUA,BRARB,2025-06-17T10:54,2025-06-19T00:36,2025-06,424.0,38.27,38.36,552.49,515.25,0,BRARB|BRSUA,0,ok
C004,C004-1,202502-5-BRSUA-BRARB,24,BRARB,BRARB,2025-06-19T15:00,2025-06-20T15:24,2025-06,0.0,38.8,9.94,512.6,507.01,0,BRARB,0,ok
C004,C004-1,202502-6-BRARB-BRSSZ,25,BRARB,BRSSZ,2025-06-20T17:00,2025-07-06T15:00,2025-06,1069.0,121.67,102.21,505.58,1035.58,1,BRARB|BRSSZ,0,ok
C004,C004-1,202502-6-BRARB-BRSSZ,26,BRSSZ,BRSSZ,2025-06-24T15:00,2025-07-07T15:00,2025-06,8.0,285.93,90.54,420.7,1029.43,1,BRSSZ,0,ok
C004,C004-1,202502-7-BRSSZ-BRRIG,27,BRSSZ,BRRIG,2025-07-08T12:30,2025-07-10T16:15,2025-07,618.0,73.25,66.23,1023.84,968.7,0,BRRIG|BRSSZ,0,ok
C004,C004-1,202502-7-BRSSZ-BRRIG,28,BRRIG,BRRIG,2025-07-11T14:27,2025-07-11T15:00,2025-07,4.0,22.75,6.94,963.66,963.26,0,BRRIG,0,ok
C004,C004-1,202502-8-BRRIG-ARCMP,29,BRRIG,ARCMP,2025-07-11T15:45,2025-07-14T12:00,2025-07,507.0,69.0,58.39,962.68,909.57,0,ARCMP|BRRIG,0,ok
C004,C004-1,202502-8-BRRIG-ARCMP,30,ARCMP,ARCMP,2025-07-14T15:00,2025-07-15T15:00,2025-07,115.0,27.0,15.46,908.84,895.31,0,ARCMP,0,ok
C004,C004-1,202502-9-ARCMP-BRRIO,31,ARCMP,BRRIO,2025-07-15T19:30,2025-07-27T18:40,2025-07,1110.0,291.67,133.01,889.71,763.8,0,ARCMP|BRRIO,0,ok
C004,C004-1,202502-9-ARCMP-BRRIO,32,BRRIO,BRRIO,2025-07-28T15:00,2025-07-30T19:06,2025-07,0.0,72.43,11.95,760.5,751.85,0,BRRIO,0,ok
C004,C004-1,202503-1-BRRIO-BRSUA,33,BRRIO,BRSUA,2025-07-30T21:00,2025-08-03T12:55,2025-07,1179.0,89.82,86.91,750.31,664.94,0,BRRIO|BRSUA,0,ok
C004,C004-1,202503-1-BRRIO-BRSUA,34,BRSUA,BRSUA,2025-08-03T15:00,2025-08-05T18:18,2025-08,0.0,53.38,12.9,664.51,1302.26,1,BRSUA,0,ok
C004,C004-1,202503-2-BRSUA-BRARB,35,BRSUA,BRARB,2025-08-05T19:00,2025-08-08T23:15,2025-08,425.0,76.95,47.83,1301.74,1254.43,0,BRARB|BRSUA,0,ok
C004,C004-1,202503-2-BRSUA-BRARB,36,BRARB,BRARB,2025-08-09T15:00,2025-08-10T01:15,2025-08,0.0,26.0,4.77,1251.88,1249.66,0,BRARB,0,ok
C004,C004-1,202504-1-BRARB-BRSSZ,37,BRARB,BRSSZ,2025-08-10T02:50,2025-08-13T18:50,2025-08,1073.0,89.58,81.55,1248.25,1168.11,0,BRARB|BRSSZ,0,ok
C004,C004-1,202504-1-BRARB-BRSSZ,38,BRSSZ,BRSSZ,2025-08-14T15:00,2025-08-15T19:50,2025-08,0.01,49.0,8.4,1164.81,1159.71,0,BRSSZ,0,ok
C004,C004-1,202504-2-BRSSZ-USHOU,39,BRSSZ,USHOU,2025-08-15T21:15,2025-09-10T02:30,2025-08,5827.0,606.67,422.16,1157.76,737.55,0,BRSSZ|USHOU,0,ok
C004,C004-1,202504-2-BRSSZ-USHOU,40,USHOU,USHOU,2025-09-10T17:00,2025-09-26T07:50,2025-09,298.13,389.33,95.62,735.25,1241.93,1,USHOU,0,ok
C004,C004-1,202505-1-USHOU-BRARB,41,USHOU,BRARB,2025-09-26T12:30,2025-10-14T02:15,2025-09,4780.0,426.42,369.52,1237.73,878.61,0,BRARB|USHOU,0,ok
C004,C004-1,202505-1-USHOU-BRARB,42,BRARB,BRARB,2025-10-14T15:00,2025-10-15T11:10,2025-10,0.0,32.92,10.42,876.29,870.09,0,BRARB,0,ok
C004,C004-1,202505-2-BRARB-BRSSZ,43,BRARB,BRSSZ,2025-10-15T13:00,2025-10-18T22:15,2025-10,1049.0,83.08,86.71,868.45,786.88,0,BRARB|BRSSZ,0,ok
C004,C004-1,202505-2-BRARB-BRSSZ,44,BRSSZ,BRSSZ,2025-10-19T15:00,2025-10-23T13:07,2025-10,2.03,110.87,40.11,783.29,1394.41,1,BRSSZ,0,ok
C004,C004-1,202505-3-BRSSZ-BRRIO,45,BRSSZ,BRRIO,2025-10-23T14:30,2025-10-24T19:55,2025-10,273.0,30.8,32.17,1393.38,1390.96,1,BRRIO|BRSSZ,0,ok
C004,C004-1,202505-3-BRSSZ-BRRIO,46,BRRIO,BRRIO,2025-10-25T15:00,2025-10-25T19:52,2025-10,0.0,23.95,7.58,1357.64,1356.15,0,BRRIO,0,ok
C004,C004-1,202505-4-BRRIO-ARCMP,47,BRRIO,ARCMP,2025-10-25T21:00,2025-10-29T18:45,2025-10,1190.0,94.88,108.35,1356.94,1253.51,0,ARCMP|BRRIO,0,ok
C004,C004-1,202505-4-BRRIO-ARCMP,48,ARCMP,ARCMP,2025-10-30T15:00,2025-10-31T15:00,2025-10,155.0,44.25,23.36,1248.32,1232.15,0,ARCMP,0,ok
C004,C004-1,202505-5-ARCMP-USHOU,49,ARCMP,USHOU,2025-10-31T17:00,2025-11-23T15:40,2025-10,6387.0,552.67,463.0,1229.61,769.15,0,ARCMP|USHOU,0,ok
C004,C004-1,202505-5-ARCMP-USHOU,50,USHOU,USHOU,2025-11-23T18:00,2025-12-07T22:25,2025-11,281.0,342.75,96.37,768.83,1177.28,1,USHOU,0,ok
C004,C004-1,202506-1-USHOU-USPCR,51,USHOU,USPCR,2025-12-08T03:00,2025-12-09T16:50,2025-12,283.0,42.41,27.34,1173.18,1150.94,0,USHOU|USPCR,0,ok
C004,C004-1,202506-1-USHOU-USPCR,52,USPCR,USPCR,2025-12-09T18:00,2025-12-11T14:00,2025-12,0.03,45.17,10.74,1150.62,1141.7,0,USPCR,0,ok
C004,C004-1,202506-2-USPCR-USFPO,53,USPCR,USFPO,2025-12-11T17:00,2025-12-12T00:35,2025-12,109.0,10.58,11.69,1138.38,1130.01,0,USFPO|USPCR,0,ok
C004,C004-1,202506-2-USPCR-USFPO,54,USFPO,USFPO,2025-12-12T18:00,2025-12-19T07:22,2025-12,0.0,174.79,42.88,1126.61,1094.63,0,USFPO,0,ok
C004,C004-1,202506-3-USFPO-BRARB,55,USFPO,BRARB,2025-12-19T08:15,2025-12-30T16:00,2025-12,3158.0,272.63,284.06,1093.49,820.17,0,BRARB|USFPO,0,ok
C004,C004-2,202406-4-US-NLTNZ,1,USHOU,NLTNZ,2025-01-01T17:00,2025-01-18T08:15,2025-01,5070.72,422.25,348.71,888.73,559.02,0,NLTNZ|USHOU,0,ok
C004,C004-2,202406-4-US-NLTNZ,2,NLTNZ,NLTNZ,2025-01-18T11:00,2025-01-29T12:18,2025-01,52.59,268.05,98.82,558.42,473.15,0,NLTNZ,0,ok
C004,C004-2,202406-5-NLTNZ-NLRTM,3,NLTNZ,NLRTM,2025-01-29T16:06,2025-01-30T12:30,2025-01,209.18,24.2,11.97,469.65,461.58,0,NLRTM|NLTNZ,1,ok
C004,C004-2,202406-5-NLTNZ-NLRTM,4,NLRTM,NLRTM,2025-01-31T11:00,2025-02-04T18:42,2025-01,41.0,126.2,38.37,1376.51,1349.02,0,NLRTM,1,ok
C004,C004-2,202406-6-NLRTM-USHOU,5,NLRTM,USHOU,2025-02-04T20:54,2025-02-23T11:00,2025-02,5689.0,448.3,447.33,1346.8,901.69,0,NLRTM|USHOU,1,ok
C004,C004-2,202406-6-NLRTM-USHOU,6,USHOU,USHOU,2025-02-23T18:00,2025-03-14T17:00,2025-02,766.46,462.0,145.92,900.19,956.07,1,USHOU,0,ok
C004,C004-2,202501-1-USHOU-USFPO,7,USHOU,USFPO,2025-03-14T19:36,2025-03-17T17:15,2025-03,96.0,72.25,23.65,952.29,932.42,0,USFPO|USHOU,0,ok
C004,C004-2,202501-1-USHOU-USFPO,8,USFPO,USFPO,2025-03-18T15:54,2025-03-18T15:54,2025-03,0.0,22.65,3.24,929.18,929.18,0,USFPO,0,ok
C004,C004-2,202502-1-USFPO-USHOU,9,USFPO,USHOU,2025-03-18T16:48,2025-03-19T10:05,2025-03,180.0,18.18,16.3,928.04,912.88,0,USFPO|USHOU,0,ok
C004,C004-2,202502-1-USFPO-USHOU,10,USHOU,USHOU,2025-03-19T17:00,2025-03-28T12:46,2025-03,78.0,218.69,40.65,910.9,872.23,0,USHOU,0,ok
C004,C004-2,202502-2-USHOU-BRARB,11,USHOU,BRARB,2025-03-28T15:54,2025-04-15T08:50,2025-03,4771.71,428.06,440.11,866.28,442.05,1,BRARB|USHOU,0,ok
C004,C004-2,202502-2-USHOU-BRARB,12,BRARB,BRARB,2025-04-15T15:00,2025-04-16T15:12,2025-04,0.0,30.37,8.18,440.1,434.69,0,BRARB,0,ok
C004,C004-2,202502-3-BRARB-BRSSZ,13,BRARB,BRSSZ,2025-04-16T17:12,2025-04-20T02:40,2025-04,1036.6,83.47,91.54,432.5,344.31,0,BRARB|BRSSZ,0,ok
C004,C004-2,202502-3-BRARB-BRSSZ,14,BRSSZ,BRSSZ,2025-04-20T15:00,2025-04-28T00:08,2025-04,70.0,189.46,61.19,341.28,1037.54,1,BRSSZ,0,ok
C004,C004-2,202502-4-BRSSZ-BRRIO,15,BRSSZ,BRRIO,2025-04-28T01:18,2025-04-29T20:00,2025-04,258.5,43.87,32.92,1035.34,1007.57,0,BRRIO|BRSSZ,0,ok
C004,C004-2,202502-4-BRSSZ-BRRIO,16,BRRIO,BRRIO,2025-04-30T15:00,2025-05-02T11:50,2025-04,8.0,63.83,18.89,1002.01,992.07,0,BRRIO,0,ok
C004,C004-2,202502-5-BRRIO-ARCMP,17,BRRIO,ARCMP,2025-05-02T13:30,2025-05-08T15:30,2025-05,896.0,147.67,97.48,989.42,877.06,0,ARCMP|BRRIO,0,missing_rob
C004,C004-2,202502-5-BRRIO-ARCMP,18,ARCMP,ARCMP,2025-05-09T15:00,2025-05-12T15:00,2025-05,145.8,95.5,35.66,869.75,842.8,0,ARCMP,0,ok
C004,C004-2,202502-6-ARCMP-BRARB,19,ARCMP,BRARB,2025-05-13T14:00,2025-05-19T19:30,2025-05,2013.0,172.5,161.05,821.84,680.39,0,ARCMP|BRARB,0,ok
C004,C004-2,202502-6-ARCMP-BRARB,20,BRARB,BRARB,2025-05-20T15:00,2025-05-23T07:26,2025-05,1.96,83.93,12.64,677.61,667.75,0,BRARB,0,ok
C004,C004-2,202503-1-BRARB-BRSUA,21,BRARB,BRSUA,2025-05-23T09:18,2025-05-27T11:24,2025-05,426.7,99.97,42.38,666.35,625.37,0,BRARB|BRSUA,0,ok
C004,C004-2,202503-1-BRARB-BRSUA,22,BRSUA,BRSUA,2025-05-27T15:00,2025-05-28T16:10,2025-05,0.0,28.77,8.08,625.37,817.99,1,BRSUA,0,ok
C004,C004-2,202503-2-BRSUA-USFPO,23,BRSUA,USFPO,2025-05-28T16:45,2025-06-10T14:55,2025-05,4315.0,310.75,313.41,817.25,505.34,0,BRSUA|USFPO,0,ok
C004,C004-2,202503-2-BRSUA-USFPO,24,USFPO,USFPO,2025-06-10T17:00,2025-06-13T23:20,2025-06,0.0,80.41,24.7,504.84,480.64,0,USFPO,0,ok
C004,C004-2,202504-1-USFPO-USPCR,25,USFPO,USPCR,2025-06-14T00:12,2025-06-14T21:15,2025-06,240.0,21.92,26.29,477.5,454.35,0,USFPO|USPCR,0,ok
C004,C004-2,202504-1-USFPO-USPCR,26,USPCR,USPCR,2025-06-15T17:00,2025-06-16T19:12,2025-06,0.0,45.95,13.15,448.85,441.2,0,USPCR,0,ok
C004,C004-2,202504-2-USPCR-USHOU,27,USPCR,USHOU,2025-06-16T22:00,2025-06-17T23:50,2025-06,187.5,28.63,17.84,437.98,423.36,0,USHOU|USPCR,0,ok
C004,C004-2,202504-2-USPCR-USHOU,28,USHOU,USHOU,2025-06-18T17:00,2025-07-07T04:20,2025-06,485.0,460.5,162.01,419.42,907.7,1,USHOU,0,ok
C004,C004-2,202504-3-USHOU-BRSSZ,29,USHOU,BRSSZ,2025-07-07T08:15,2025-07-28T13:50,2025-07,5706.0,513.5,420.54,903.61,488.15,0,BRSSZ|USHOU,0,ok
C004,C004-2,202504-3-USHOU-BRSSZ,30,BRSSZ,BRSSZ,2025-07-28T15:00,2025-08-04T17:10,2025-07,6.37,171.34,42.56,487.5,1098.56,1,BRSSZ,0,ok
C004,C004-2,202504-3-BRSSZ-BRSSZ,31,BRSSZ,BRSSZ,2025-08-04T17:45,2025-08-13T05:15,2025-08,1295.0,204.08,131.14,1097.98,973.05,0,BRSSZ,0,ok
C004,C004-2,202504-5-UYMVD-ARBHI,32,UYMVD,ARBHI,2025-08-13T06:30,2025-08-21T15:12,2025-08,583.6,201.95,115.51,972.24,878.86,0,ARBHI|UYMVD,0,ok
C004,C004-2,202504-5-UYMVD-ARBHI,33,ARBHI,ARBHI,2025-08-22T15:00,2025-08-23T20:18,2025-08,0.0,53.1,20.17,871.93,863.72,0,ARBHI,0,ok
C004,C004-2,202504-6-ARBHI-BRSSZ,34,ARBHI,BRSSZ,2025-08-23T23:00,2025-09-05T07:36,2025-08,1085.28,299.3,152.37,861.48,710.36,0,ARBHI|BRSSZ,0,missing_rob
C004,C004-2,202504-6-ARBHI-BRSSZ,35,BRSSZ,BRSSZ,2025-09-05T15:00,2025-09-07T12:15,2025-09,0.0,52.65,16.44,708.31,947.06,1,BRSSZ,0,ok
C004,C004-2,202505-1-BRSSZ-MXVER,36,BRSSZ,MXVER,2025-09-07T13:42,2025-09-24T15:50,2025-09,5651.0,411.58,413.32,946.79,549.86,0,BRSSZ|MXVER,0,ok
C004,C004-2,202505-1-BRSSZ-MXVER,37,MXVER,MXVER,2025-09-24T18:00,2025-09-26T09:15,2025-09,0.0,41.42,20.36,549.06,535.17,0,MXVER,0,ok
C004,C004-2,202505-2-MXVER-USHOU,38,MXVER,USHOU,2025-09-26T10:30,2025-09-28T23:12,2025-09,781.0,61.95,61.62,534.26,473.55,0,MXVER|USHOU,0,ok
C004,C004-2,202505-2-MXVER-USHOU,39,USHOU,USHOU,2025-09-29T17:00,2025-10-02T18:30,2025-09,71.0,91.3,25.63,470.16,1014.94,1,USHOU,0,ok
C004,C004-2,202506-1-USHOU-USPCR,40,USHOU,USPCR,2025-10-02T22:30,2025-10-03T16:06,2025-10,200.0,21.6,16.2,1011.67,998.88,0,USHOU|USPCR,0,ok
C004,C004-2,202506-1-USHOU-USPCR,41,USPCR,USPCR,2025-10-03T17:00,2025-10-05T13:30,2025-10,0.0,45.4,10.71,998.58,988.49,0,USPCR,0,ok
C004,C004-2,202506-2-USPCR-USFPO,42,USPCR,USFPO,2025-10-05T16:15,2025-10-07T03:06,2025-10,118.35,37.6,15.19,986.23,973.48,0,USFPO|USPCR,0,ok
C004,C004-2,202506-2-USPCR-USFPO,43,USFPO,USFPO,2025-10-07T17:00,2025-10-10T09:00,2025-10,0.61,77.9,14.18,970.92,959.79,0,USFPO,0,ok
C004,C004-2,202506-3-USFPO-BRSUA,44,USFPO,BRSUA,2025-10-10T09:40,2025-10-25T12:10,2025-10,4411.36,363.16,344.88,958.14,613.93,0,BRSUA|USFPO,0,ok
C004,C004-2,202506-3-USFPO-BRSUA,45,BRSUA,BRSUA,2025-10-25T15:00,2025-10-27T12:10,2025-10,0.0,48.0,14.85,613.51,599.76,0,BRSUA,0,ok
C004,C004-2,202506-4-BRSUA-BRSSZ,46,BRSUA,BRSSZ,2025-10-27T12:50,2025-11-01T02:20,2025-10,1361.0,110.17,105.09,600.1,496.68,0,BRSSZ|BRSUA,0,ok
C004,C004-2,202506-4-BRSUA-BRSSZ,47,BRSSZ,BRSSZ,2025-11-01T15:00,2025-11-10T06:20,2025-11,52.5,220.0,74.97,493.99,432.39,0,BRSSZ,0,ok
C004,C004-2,202506-5-BRSSZ-ARCMP,48,BRSSZ,ARCMP,2025-11-10T07:40,2025-11-14T06:48,2025-11,1094.7,96.46,91.55,431.84,341.14,0,ARCMP|BRSSZ,0,ok
C004,C004-2,202506-5-BRSSZ-ARCMP,49,ARCMP,ARCMP,2025-11-14T15:00,2025-11-17T15:00,2025-11,101.4,80.2,22.33,338.7,1189.33,1,ARCMP,0,ok
C004,C004-2,202506-6-ARCMP-ZADUR,50,ARCMP,ZADUR,2025-11-17T22:40,2025-12-02T14:55,2025-11,4528.13,359.92,338.17,1174.91,848.86,0,ARCMP|ZADUR,0,ok
C004,C004-2,202506-6-ARCMP-ZADUR,51,ZADUR,ZADUR,2025-12-03T10:00,2025-12-05T20:17,2025-12,0.0,77.36,17.99,843.92,830.87,0,ZADUR,0,ok
C004,C004-2,202507-1-ZADUR-ZARCB,52,ZADUR,ZARCB,2025-12-05T20:50,2025-12-07T10:50,2025-12,121.03,38.55,22.89,833.17,812.43,0,ZADUR|ZARCB,0,ok
C004,C004-2,202507-1-ZADUR-ZARCB,53,ZARCB,ZARCB,2025-12-08T10:00,2025-12-10T20:15,2025-12,0.0,81.42,24.48,806.86,790.86,0,ZARCB,0,ok
C004,C004-2,202507-2-ZARCB-SGSIN,54,ZARCB,SGSIN,2025-12-10T21:00,2025-12-29T08:10,2025-12,4883.87,443.92,461.01,790.31,355.13,0,SGSIN|ZARCB,1,ok
C004,C004-2,202507-2-ZARCB-SGSIN,55,SGSIN,SGSIN,2025-12-30T04:00,2025-12-30T04:00,2025-12,9.8,19.83,6.54,348.99,348.99,0,SGSIN,1,ok
C004,C004-3,202405-4-NLRTM-USHOU,1,USHOU,USHOU,2025-01-01T18:00,2025-01-07T19:58,2025-01,239.0,169.97,67.3,1100.4,1045.3,0,USHOU,0,ok
C004,C004-3,202406-1-USHOU-USFPO,2,USHOU,USFPO,2025-01-08T00:30,2025-01-08T20:00,2025-01,70.38,24.03,15.5,1039.8,1029.8,0,USFPO|USHOU,0,ok
C004,C004-3,202406-1-USHOU-USFPO,3,USFPO,USFPO,2025-01-09T18:00,2025-01-11T14:08,2025-01,0.0,66.13,25.7,1024.1,1008.7,0,USFPO,0,ok
C004,C004-3,202406-2-USFPO-USBTR,4,USFPO,USBTR,2025-01-11T14:48,2025-01-14T06:10,2025-01,586.0,64.04,57.55,1007.7,952.2,0,USBTR|USFPO,0,ok
C004,C004-3,202406-2-USFPO-USBTR,5,USBTR,USBTR,2025-01-14T18:00,2025-01-16T00:50,2025-01,0.0,42.66,11.9,949.9,942.8,0,USBTR,0,ok
C004,C004-3,202406-3-USBTR-BRARB,6,USBTR,BRARB,2025-01-16T16:54,2025-02-02T18:57,2025-01,4706.0,426.12,423.0,921.8,534.0,0,BRARB|USBTR,0,ok
C004,C004-3,202406-3-USBTR-BRARB,7,BRARB,BRARB,2025-02-03T15:00,2025-02-04T08:35,2025-02,0.07,37.63,16.0,527.7,521.3,0,BRARB,0,ok
C004,C004-3,202406-4-BRARB-BRSSZ,8,BRARB,BRSSZ,2025-02-04T10:24,2025-02-08T15:25,2025-02,1065.0,102.84,92.7,519.5,431.7,0,BRARB|BRSSZ,0,ok
C004,C004-3,202406-4-BRARB-BRSSZ,9,BRSSZ,BRSSZ,2025-02-09T15:00,2025-02-18T08:08,2025-02,54.1,232.71,107.35,423.4,742.3,1,BRSSZ,0,ok
C004,C004-3,202406-5-BRSSZ-BRRIO,10,BRSSZ,BRRIO,2025-02-18T09:30,2025-02-19T10:35,2025-02,254.0,26.45,25.6,741.0,718.7,0,BRRIO|BRSSZ,0,ok
C004,C004-3,202406-5-BRSSZ-BRRIO,11,BRRIO,BRRIO,2025-02-19T15:00,2025-02-20T13:25,2025-02,0.0,26.84,8.7,717.9,711.5,0,BRRIO,0,ok
C004,C004-3,202406-6-BRRIO-BRPNG,12,BRRIO,BRPNG,2025-02-20T14:42,2025-02-25T14:15,2025-02,365.0,120.83,58.3,710.3,658.4,0,BRPNG|BRRIO,0,ok
C004,C004-3,202406-6-BRRIO-BRPNG,13,BRPNG,BRPNG,2025-02-25T15:00,2025-02-27T15:00,2025-02,3.0,48.75,14.7,658.2,646.6,0,BRPNG,0,ok
C004,C004-3,202406-7-BRPNG-BRRIG,14,BRPNG,BRRIG,2025-02-27T16:36,2025-03-01T07:20,2025-02,533.0,40.33,44.7,644.9,604.1,0,BRPNG|BRRIG,0,ok
C004,C004-3,202406-7-BRPNG-BRRIG,15,BRRIG,BRRIG,2025-03-01T15:00,2025-03-03T04:10,2025-03,0.0,44.84,19.5,601.9,589.8,0,BRRIG,0,ok
C004,C004-3,202406-8-BRRIG-ARCMP,16,BRRIG,ARCMP,2025-03-03T05:36,2025-03-05T08:10,2025-03,514.0,52.0,47.5,587.9,545.6,0,ARCMP|BRRIG,0,ok
C004,C004-3,202406-8-BRRIG-ARCMP,17,ARCMP,ARCMP,2025-03-05T15:00,2025-03-12T12:25,2025-03,248.0,172.25,96.5,544.2,757.7,1,ARCMP,0,ok
C004,C004-3,202406-9-ARCMP-USBPD,18,ARCMP,USBPD,2025-03-12T15:00,2025-04-07T15:50,2025-03,6466.0,627.41,658.6,754.8,171.0,0,ARCMP|USBPD,0,ok
C004,C004-3,202406-9-ARCMP-USBPD,19,USBPD,USBPD,2025-04-07T17:00,2025-04-09T18:26,2025-04,0.0,50.6,33.8,170.5,349.1,1,USBPD,0,ok
C004,C004-3,202501-1-USBPD-USMSY,20,USBPD,USMSY,2025-04-10T01:54,2025-04-11T13:30,2025-04,486.0,43.07,76.5,338.3,284.6,0,USBPD|USMSY,0,ok
C004,C004-3,202501-1-USBPD-USMSY,21,USMSY,USMSY,2025-04-11T17:00,2025-04-14T17:00,2025-04,49.0,75.5,65.0,283.2,237.0,0,USMSY,0,ok
C004,C004-3,202501-2-USMSY-USHOU,22,USMSY,USHOU,2025-04-14T22:00,2025-04-17T01:20,2025-04,509.0,56.33,52.7,232.5,184.3,0,USHOU|USMSY,0,ok
C004,C004-3,202501-2-USMSY-USHOU,23,USHOU,USHOU,2025-04-17T17:00,2025-04-30T17:00,2025-04,414.0,327.67,108.6,181.4,975.7,1,USHOU,0,ok
C004,C004-3,202502-1-USHOU-USFPO,24,USHOU,USFPO,2025-04-30T17:48,2025-05-01T04:05,2025-04,81.0,11.08,12.1,975.5,963.6,0,USFPO|USHOU,0,ok
C004,C004-3,202502-1-USHOU-USFPO,25,USFPO,USFPO,2025-05-01T17:00,2025-05-03T12:25,2025-05,0.0,56.34,14.3,959.7,950.4,0,USFPO,0,ok
C004,C004-3,202502-2-USFPO-BRARB,26,USFPO,BRARB,2025-05-03T13:12,2025-05-21T19:22,2025-05,4862.0,438.95,409.5,949.1,540.9,0,BRARB|USFPO,0,ok
C004,C004-3,202502-2-USFPO-BRARB,27,BRARB,BRARB,2025-05-22T15:00,2025-05-22T20:52,2025-05,0.0,25.5,4.8,537.4,536.1,0,BRARB,0,ok
C004,C004-3,202502-3-BRARB-BRSSZ,28,BRARB,BRSSZ,2025-05-22T22:30,2025-05-26T14:12,2025-05,1084.0,89.33,83.1,534.9,453.0,0,BRARB|BRSSZ,0,ok
C004,C004-3,202502-3-BRARB-BRSSZ,29,BRSSZ,BRSSZ,2025-05-26T15:00,2025-06-04T06:40,2025-05,9.28,208.47,48.9,452.9,1053.53,1,BRSSZ,0,ok
C004,C004-3,202502-4-BRSSZ-ARCMP,30,BRSSZ,ARCMP,2025-06-04T08:06,2025-06-09T13:27,2025-06,1067.0,126.78,98.63,1051.33,957.9,0,ARCMP|BRSSZ,0,ok
C004,C004-3,202502-4-BRSSZ-ARCMP,31,ARCMP,ARCMP,2025-06-09T15:00,2025-06-10T15:00,2025-06,16.0,25.55,9.2,957.2,949.7,0,ARCMP,0,ok
C004,C004-3,202502-5-ARCMP-BRARB,32,ARCMP,BRARB,2025-06-11T07:00,2025-06-17T16:56,2025-06,1942.0,169.93,159.0,932.3,790.7,0,ARCMP|BRARB,0,ok
C004,C004-3,202502-5-ARCMP-BRARB,33,BRARB,BRARB,2025-06-18T15:00,2025-06-20T07:00,2025-06,0.0,62.07,9.5,787.2,781.2,0,BRARB,0,ok
C004,C004-3,202503-1-BRARB-USHOU,34,BRARB,USHOU,2025-06-20T08:30,2025-07-04T19:00,2025-06,4722.0,348.0,327.7,779.5,453.5,0,BRARB|USHOU,0,ok
C004,C004-3,202503-1-BRARB-USHOU,35,USHOU,USHOU,2025-07-05T17:00,2025-07-24T17:00,2025-07,559.0,478.0,137.3,449.7,866.2,1,USHOU,0,ok
C004,C004-3,202504-1-USHOU-USFPO,36,USHOU,USFPO,2025-07-24T19:36,2025-07-25T01:54,2025-07,98.0,8.9,9.3,862.7,856.9,0,USFPO|USHOU,0,ok
C004,C004-3,202504-1-USHOU-USFPO,37,USFPO,USFPO,2025-07-25T17:00,2025-07-26T13:05,2025-07,0.0,35.18,6.2,853.8,850.7,0,USFPO,0,ok
C004,C004-3,202504-2-USFPO-USBTR,38,USFPO,USBTR,2025-07-26T13:54,2025-07-28T19:52,2025-07,560.0,54.79,52.6,849.5,798.1,0,USBTR|USFPO,0,ok
C004,C004-3,202504-2-USFPO-USBTR,39,USBTR,USBTR,2025-07-29T11:12,2025-07-29T17:00,2025-07,68.0,21.13,9.4,794.8,788.7,0,USBTR,0,ok
C004,C004-3,202504-3-USBTR-BRARB,40,USBTR,BRARB,2025-07-30T02:00,2025-08-14T04:20,2025-07,4579.0,371.33,360.1,779.7,428.6,0,BRARB|USBTR,0,ok
C004,C004-3,202504-3-USBTR-BRARB,41,BRARB,BRARB,2025-08-14T15:00,2025-08-15T23:30,2025-08,0.0,43.17,8.5,426.6,420.7,0,BRARB,0,ok
C004,C004-3,202504-4-BRARB-BRSSZ,42,BRARB,BRSSZ,2025-08-16T01:00,2025-08-19T18:00,2025-08,1093.0,90.5,93.0,419.2,330.3,0,BRARB|BRSSZ,0,ok
C004,C004-3,202504-4-BRARB-BRSSZ,43,BRSSZ,BRSSZ,2025-08-20T15:00,2025-08-30T02:45,2025-08,39.06,248.75,71.6,326.0,1068.73,1,BRSSZ,0,ok
C004,C004-3,202504-5-BRSSZ-ARCMP,44,BRSSZ,ARCMP,2025-08-30T04:12,2025-09-02T15:40,2025-08,1088.0,84.92,95.8,1067.83,975.93,0,ARCMP|BRSSZ,0,ok
C004,C004-3,202504-5-BRSSZ-ARCMP,45,ARCMP,ARCMP,2025-09-03T15:00,2025-09-04T15:00,2025-09,171.0,47.33,26.4,968.63,951.33,0,ARCMP,0,ok
C004,C004-3,202504-6-ARCMP-ARBHI,46,ARCMP,ARBHI,2025-09-04T16:00,2025-09-06T19:05,2025-09,537.0,52.08,54.53,950.33,898.6,0,ARBHI|ARCMP,0,ok
C004,C004-3,202504-6-ARCMP-ARBHI,47,ARBHI,ARBHI,2025-09-07T15:00,2025-09-09T06:15,2025-09,0.5,59.17,12.9,892.9,885.7,0,ARBHI,0,ok
C004,C004-3,202504-7-ARBHI-BRARB,48,ARBHI,BRARB,2025-09-09T11:00,2025-09-16T10:45,2025-09,2228.0,172.5,169.7,882.0,716.0,0,ARBHI|BRARB,0,ok
C004,C004-3,202504-7-ARBHI-BRARB,49,BRARB,BRARB,2025-09-16T15:00,2025-09-19T01:50,2025-09,2.0,63.08,10.7,715.3,705.3,0,BRARB,0,ok
C004,C004-3,202505-2-BRARB-USHOU,50,BRARB,USHOU,2025-09-19T03:24,2025-10-05T20:32,2025-09,4788.0,402.7,348.8,703.8,356.5,0,BRARB|USHOU,0,ok
C004,C004-3,202505-2-BRARB-USHOU,51,USHOU,USHOU,2025-10-06T17:00,2025-10-27T11:24,2025-10,611.18,518.87,152.7,351.9,1003.29,1,USHOU,0,ok
C004,C004-3,202505-3-USHOU-USFPO,52,USHOU,USFPO,2025-10-27T15:24,2025-10-28T02:42,2025-10,80.0,15.3,12.9,998.99,990.39,0,USFPO|USHOU,0,ok
C004,C004-3,202505-3-USHOU-USFPO,53,USFPO,USFPO,2025-10-28T17:00,2025-11-02T02:58,2025-10,0.0,120.27,28.9,987.99,965.19,0,USFPO,0,ok
C004,C004-3,202506-1-USFPO-USBTR,54,USFPO,USBTR,2025-11-02T03:54,2025-11-04T05:18,2025-11,562.0,50.33,52.9,964.49,913.69,0,USBTR|USFPO,0,ok
C004,C004-3,202506-1-USFPO-USBTR,55,USBTR,USBTR,2025-11-04T18:00,2025-11-05T18:00,2025-11,118.0,36.7,17.0,911.19,898.09,0,USBTR,0,ok
C004,C004-3,202506-2-USBTR-BRARB,56,USBTR,BRARB,2025-11-05T23:12,2025-11-23T02:46,2025-11,4551.0,416.77,389.09,891.59,520.6,0,BRARB|USBTR,0,ok
C004,C004-3,202506-2-USBTR-BRARB,57,BRARB,BRARB,2025-11-23T15:00,2025-11-24T21:04,2025-11,0.0,42.3,10.8,518.8,511.0,0,BRARB,0,ok
C004,C004-3,202506-3-BRARB-BRSSZ,58,BRARB,BRSSZ,2025-11-24T22:30,2025-11-28T12:50,2025-11,1095.0,87.76,88.9,508.8,424.3,0,BRARB|BRSSZ,0,ok
C004,C004-3,202506-3-BRARB-BRSSZ,59,BRSSZ,BRSSZ,2025-11-28T15:00,2025-12-03T07:54,2025-11,2.0,115.07,32.1,424.0,1195.4,1,BRSSZ,0,ok
C004,C004-3,202506-4-BRSSZ-BRRIO,60,BRSSZ,BRRIO,2025-12-03T09:06,2025-12-04T09:26,2025-12,269.0,25.53,25.8,1194.2,1170.7,0,BRRIO|BRSSZ,0,ok
C004,C004-3,202506-4-BRSSZ-BRRIO,61,BRRIO,BRRIO,2025-12-04T15:00,2025-12-05T17:58,2025-12,0.0,32.54,10.2,1169.2,1162.0,0,BRRIO,0,ok
C004,C004-3,202506-5-BRRIO-ARCMP,62,BRRIO,ARCMP,2025-12-05T19:00,2025-12-09T16:02,2025-12,1217.0,94.06,110.4,1161.2,1055.3,0,ARCMP|BRRIO,0,ok
C004,C004-3,202506-5-BRRIO-ARCMP,63,ARCMP,ARCMP,2025-12-10T15:00,2025-12-10T16:24,2025-12,0.0,24.37,9.0,1048.3,1047.5,0,ARCMP,0,ok
C004,C004-3,202506-6-ARCMP-ARBHI,64,ARCMP,ARBHI,2025-12-11T08:42,2025-12-13T02:12,2025-12,707.0,57.8,61.9,1030.1,985.6,0,ARBHI|ARCMP,0,ok
C004,C004-3,202506-6-ARCMP-ARBHI,65,ARBHI,ARBHI,2025-12-13T15:00,2025-12-16T18:20,2025-12,0.36,88.13,18.7,983.4,966.9,0,ARBHI,0,ok
C004,C004-3,202506-7-ARBHI-ARCMP,66,ARBHI,ARCMP,2025-12-16T22:42,2025-12-19T07:08,2025-12,681.0,60.8,58.5,963.2,908.4,0,ARBHI|ARCMP,0,ok
C004,C004-3,202506-7-ARBHI-ARCMP,67,ARCMP,ARCMP,2025-12-19T15:00,2025-12-24T15:00,2025-12,217.0,127.87,55.4,906.8,860.1,0,ARCMP,0,ok
C004,C004-3,202507-1-ARCMP-USBTR,68,ARCMP,USBTR,2025-12-25T08:00,2025-12-30T16:00,2025-12,1806.0,145.0,168.1,843.5,705.8,0,ARCMP|USBTR,0,ok
C005,C005-1,202429-1-PECLL-CLMJS,1,PECLL,CLMJS,2025-01-01T15:00,2025-01-11T02:24,2025-01,170.0,251.4,22.6,472.8,453.3,0,CLMJS|PECLL,0,ok
C005,C005-1,202429-1-PECLL-CLMJS,2,CLMJS,CLMJS,2025-01-11T15:00,2025-01-18T12:42,2025-01,98.0,178.3,20.7,451.5,432.6,0,CLMJS,0,ok
C005,C005-1,202429-2-CLMJS-PECLL,3,CLMJS,PECLL,2025-01-18T13:00,2025-01-22T03:54,2025-01,777.5,87.2,39.4,432.3,393.2,0,CLMJS|PECLL,0,ok
C005,C005-1,202429-2-CLMJS-PECLL,4,PECLL,PECLL,2025-01-22T17:00,2025-01-23T06:54,2025-01,0.0,27.0,2.2,392.1,391.0,0,PECLL,0,ok
C005,C005-1,202501-1-PECLL-CLBAR,5,PECLL,CLBAR,2025-01-23T07:42,2025-01-31T16:00,2025-01,993.5,105.1,56.8,390.7,324.4,0,CLBAR|PECLL,0,ok
C005,C005-1,202501-1-PECLL-CLBAR,6,CLBAR,CLBAR,2025-01-26T15:00,2025-02-02T16:54,2025-01,60.02,144.9,16.6,347.4,317.6,0,CLBAR,0,ok
C005,C005-1,202501-2-CLBAR-CLVAP,7,CLBAR,CLVAP,2025-02-02T17:24,2025-02-13T14:36,2025-02,437.06,261.7,41.2,317.3,276.6,0,CLBAR|CLVAP,0,ok
C005,C005-1,202501-2-CLBAR-CLVAP,8,CLVAP,CLVAP,2025-02-13T15:00,2025-03-16T15:00,2025-02,3.47,744.4,2.6,276.5,315.7,1,CLVAP,0,ok
C005,C005-1,202502-1-CLVAP-PECLL,9,CLVAP,PECLL,2025-03-17T12:30,2025-03-21T13:30,2025-03,1345.47,118.5,65.7,312.0,250.0,0,CLVAP|PECLL,0,ok
C005,C005-1,202502-1-CLVAP-PECLL,10,PECLL,PECLL,2025-03-21T17:00,2025-03-22T19:06,2025-03,0.0,29.6,3.8,249.4,246.2,0,PECLL,0,ok
C005,C005-1,202502-2-PECLL-CLMJS,11,PECLL,CLMJS,2025-03-23T09:36,2025-03-26T17:48,2025-03,828.12,94.7,49.9,743.6,696.5,0,CLMJS|PECLL,0,ok
C005,C005-1,202502-2-PECLL-CLMJS,12,CLMJS,CLMJS,2025-03-27T15:00,2025-03-28T09:30,2025-03,0.0,39.7,8.2,692.2,688.3,0,CLMJS,0,ok
C005,C005-1,202502-3-CLMJS-PECLL,13,CLMJS,PECLL,2025-03-28T09:42,2025-04-03T00:54,2025-03,775.62,135.4,47.5,687.8,640.8,0,CLMJS|PECLL,0,ok
C005,C005-1,202502-3-CLMJS-PECLL,14,PECLL,PECLL,2025-04-03T17:00,2025-04-04T04:24,2025-04,0.0,27.5,4.6,638.1,636.2,0,PECLL,0,ok
C005,C005-1,202503-1-PECLL-CLMJS,15,PECLL,CLMJS,2025-04-04T04:54,2025-04-07T00:06,2025-04,783.06,67.7,45.0,635.7,591.2,0,CLMJS|PECLL,0,ok
C005,C005-1,202503-1-PECLL-CLMJS,16,CLMJS,CLMJS,2025-04-07T16:00,2025-04-08T17:54,2025-04,0.0,41.8,7.7,588.3,583.5,0,CLMJS,0,ok
C005,C005-1,202503-2-CLMJS-PECLL,17,CLMJS,PECLL,2025-04-08T18:12,2025-04-11T04:18,2025-04,776.13,58.4,35.1,583.3,548.4,0,CLMJS|PECLL,0,ok
C005,C005-1,202503-2-CLMJS-PECLL,18,PECLL,PECLL,2025-04-11T17:00,2025-04-12T09:12,2025-04,0.0,28.9,2.4,547.3,546.0,0,PECLL,0,ok
C005,C005-1,202504-1-PECLL-CLMJS,19,PECLL,CLMJS,2025-04-12T09:36,2025-04-17T03:18,2025-04,782.4,114.1,44.6,545.8,501.4,0,CLMJS|PECLL,0,ok
C005,C005-1,202504-1-PECLL-CLMJS,20,CLMJS,CLMJS,2025-04-17T16:00,2025-04-18T16:12,2025-04,0.0,36.9,4.95,499.8,496.45,0,CLMJS,0,ok
C005,C005-1,202504-2-CLMJS-PECLL,21,CLMJS,PECLL,2025-04-18T16:30,2025-04-21T01:48,2025-04,798.14,57.6,35.25,496.3,461.2,0,CLMJS|PECLL,0,ok
C005,C005-1,202504-2-CLMJS-PECLL,22,PECLL,PECLL,2025-04-21T17:00,2025-04-22T05:00,2025-04,0.0,27.2,2.1,460.0,459.1,0,PECLL,0,ok
C005,C005-1,202505-1-PECLL-CLMJS,23,PECLL,CLMJS,2025-04-22T05:48,2025-04-25T07:54,2025-04,779.9,74.9,39.5,458.9,419.6,0,CLMJS|PECLL,0,ok
C005,C005-1,202505-1-PECLL-CLMJS,24,CLMJS,CLMJS,2025-04-25T16:00,2025-04-26T17:35,2025-04,0.0,33.68,5.1,418.6,414.5,0,CLMJS,0,ok
C005,C005-1,202505-2-CLMJS-PECLL,25,CLMJS,PECLL,2025-04-26T17:54,2025-04-29T03:00,2025-04,800.8,57.42,35.1,414.3,379.4,0,CLMJS|PECLL,0,ok
C005,C005-1,202505-2-CLMJS-PECLL,26,PECLL,PECLL,2025-04-29T17:00,2025-04-30T04:00,2025-04,0.0,25.0,2.3,378.1,377.1,0,PECLL,0,ok
C005,C005-1,202506-1-PECLL-CLMJS,27,PECLL,CLMJS,2025-04-30T04:48,2025-05-04T01:30,2025-04,781.2,93.5,44.0,376.9,333.1,0,CLMJS|PECLL,0,ok
C005,C005-1,202506-1-PECLL-CLMJS,28,CLMJS,CLMJS,2025-05-04T16:00,2025-05-05T16:13,2025-05,0.0,38.72,5.65,331.1,327.45,0,CLMJS,0,ok
C005,C005-1,202506-2-CLMJS-PECLL,29,CLMJS,PECLL,2025-05-05T16:30,2025-05-10T05:24,2025-05,782.3,109.18,38.65,327.3,288.8,0,CLMJS|PECLL,0,ok
C005,C005-1,202506-2-CLMJS-PECLL,30,PECLL,PECLL,2025-05-10T17:00,2025-05-11T10:13,2025-05,0.4,28.82,1.9,287.8,286.9,0,PECLL,0,ok
C005,C005-1,202507-1-PECLL-CLMJS,31,PECLL,CLMJS,2025-05-11T10:48,2025-05-17T08:48,2025-05,1172.8,96.58,61.2,286.6,222.6,0,CLMJS|PECLL,0,ok
C005,C005-1,202507-1-PECLL-CLMJS,32,CLMJS,CLMJS,2025-05-15T16:00,2025-05-19T04:00,2025-05,8.0,89.2,9.3,235.4,216.4,0,CLMJS,0,ok
C005,C005-1,202507-2-CLMJS-PECLL,33,CLMJS,PECLL,2025-05-19T04:24,2025-05-25T17:00,2025-05,787.0,128.27,41.2,216.0,173.1,0,CLMJS|PECLL,0,ok
C005,C005-1,202507-2-CLMJS-PECLL,34,PECLL,PECLL,2025-05-21T17:00,2025-05-26T17:00,2025-05,0.0,52.73,3.5,179.2,171.7,0,PECLL,0,ok
C005,C005-1,202508-1-PECLL-CLBAR,35,PECLL,CLBAR,2025-05-27T10:30,2025-06-10T15:18,2025-05,942.5,358.3,68.6,710.4,643.1,0,CLBAR|PECLL,0,ok
C005,C005-1,202508-1-PECLL-CLBAR,36,CLBAR,CLBAR,2025-06-10T16:00,2025-06-17T04:28,2025-06,2.0,157.17,13.7,643.0,629.4,0,CLBAR,0,ok
C005,C005-1,202508-2-CLBAR-PECLL,37,CLBAR,PECLL,2025-06-17T05:00,2025-06-20T02:54,2025-06,949.5,70.43,45.4,629.1,584.0,0,CLBAR|PECLL,0,ok
C005,C005-1,202508-2-CLBAR-PECLL,38,PECLL,PECLL,2025-06-20T17:00,2025-06-21T04:35,2025-06,0.0,25.68,2.3,582.7,581.7,0,PECLL,0,ok
C005,C005-1,202509-1-PECLL-CLMJS,39,PECLL,CLMJS,2025-06-21T15:36,2025-06-25T21:42,2025-06,791.2,113.12,47.9,580.4,533.8,0,CLMJS|PECLL,0,ok
C005,C005-1,202509-1-PECLL-CLMJS,40,CLMJS,CLMJS,2025-06-26T16:00,2025-06-27T15:22,2025-06,12.46,41.67,5.8,531.5,528.0,0,CLMJS,0,ok
C005,C005-1,202509-2-CLMJS-PECLL,41,CLMJS,PECLL,2025-06-27T15:42,2025-06-30T19:36,2025-06,786.1,76.23,39.0,527.7,489.0,0,CLMJS|PECLL,0,ok
C005,C005-1,202509-2-CLMJS-PECLL,42,PECLL,PECLL,2025-07-01T17:00,2025-07-01T21:50,2025-07,0.0,26.23,2.1,487.2,486.9,0,PECLL,0,ok
C005,C005-1,202510-1-PECLL-CLBAR,43,PECLL,CLBAR,2025-07-01T22:24,2025-07-24T14:30,2025-07,940.03,544.67,79.3,486.6,407.6,0,CLBAR|PECLL,0,ok
C005,C005-1,202510-1-PECLL-CLBAR,44,CLBAR,CLBAR,2025-07-24T16:00,2025-07-27T23:05,2025-07,0.0,80.58,8.7,407.4,398.9,0,CLBAR,0,ok
C005,C005-1,202510-2-CLBAR-PECLL,45,CLBAR,PECLL,2025-07-27T23:42,2025-07-31T21:18,2025-07,942.0,94.22,47.0,398.5,451.9,1,CLBAR|PECLL,0,ok
C005,C005-1,202510-2-CLBAR-PECLL,46,PECLL,PECLL,2025-08-01T17:00,2025-08-02T03:12,2025-08,0.0,29.9,2.8,450.0,449.1,0,PECLL,0,ok
C005,C005-1,202511-1-PECLL-CLMJS,47,PECLL,CLMJS,2025-08-02T03:48,2025-08-05T00:30,2025-08,785.0,69.3,44.1,448.8,405.0,0,CLMJS|PECLL,0,ok
C005,C005-1,202511-1-PECLL-CLMJS,48,CLMJS,CLMJS,2025-08-05T16:00,2025-08-06T15:12,2025-08,0.0,38.7,5.8,403.0,399.2,0,CLMJS,0,ok
C005,C005-1,202511-2-CLMJS-PECLL,49,CLMJS,PECLL,2025-08-06T15:42,2025-08-10T00:18,2025-08,784.0,81.1,38.7,398.9,780.5,1,CLMJS|PECLL,0,ok
C005,C005-1,202511-2-CLMJS-PECLL,50,PECLL,PECLL,2025-08-10T17:00,2025-08-11T02:42,2025-08,0.0,26.4,2.2,779.2,778.3,0,PECLL,0,ok
C005,C005-1,202512-1-PECLL-CLMJS,51,PECLL,CLMJS,2025-08-11T03:24,2025-08-16T02:42,2025-08,799.5,120.0,45.6,778.0,732.7,0,CLMJS|PECLL,0,ok
C005,C005-1,202512-1-PECLL-CLMJS,52,CLMJS,CLMJS,2025-08-16T16:00,2025-08-17T17:12,2025-08,2.0,38.5,5.7,730.9,727.0,0,CLMJS,0,ok
C005,C005-1,202512-2-CLMJS-PECLL,53,CLMJS,PECLL,2025-08-17T17:36,2025-08-20T18:24,2025-08,787.5,73.2,39.4,726.7,687.6,0,CLMJS|PECLL,0,ok
C005,C005-1,202512-2-CLMJS-PECLL,54,PECLL,PECLL,2025-08-21T17:00,2025-08-21T20:24,2025-08,0.0,26.0,2.1,685.8,685.5,0,PECLL,0,ok
C005,C005-1,202513-1-PECLL-CLMJS,55,PECLL,CLMJS,2025-08-21T21:00,2025-08-27T23:18,2025-08,844.0,146.9,55.4,685.2,630.1,0,CLMJS|PECLL,0,ok
C005,C005-1,202513-1-PECLL-CLMJS,56,CLMJS,CLMJS,2025-08-28T16:00,2025-08-29T10:24,2025-08,0.0,35.1,5.1,628.0,625.0,0,CLMJS,0,ok
C005,C005-1,202513-2-CLMJS-PECLL,57,CLMJS,PECLL,2025-08-29T10:48,2025-09-09T05:12,2025-08,787.5,258.8,50.5,624.7,574.5,0,CLMJS|PECLL,0,ok
C005,C005-1,202513-2-CLMJS-PECLL,58,PECLL,PECLL,2025-09-09T17:00,2025-09-10T08:42,2025-09,0.0,27.5,2.1,573.5,572.4,0,PECLL,0,ok
C005,C005-1,202514-1-PECLL-CLMJS,59,PECLL,CLMJS,2025-09-10T09:18,2025-09-13T05:18,2025-09,784.0,68.6,43.5,572.1,528.9,0,CLMJS|PECLL,0,ok
C005,C005-1,202514-1-PECLL-CLMJS,60,CLMJS,CLMJS,2025-09-13T15:00,2025-09-15T03:42,2025-09,0.0,46.4,6.3,528.1,522.6,0,CLMJS,0,ok
C005,C005-1,202514-2-CLMJS-PECLL,61,CLMJS,PECLL,2025-09-15T04:12,2025-09-18T06:06,2025-09,782.5,74.4,38.8,522.3,483.8,0,CLMJS|PECLL,0,ok
C005,C005-1,202514-2-CLMJS-PECLL,62,PECLL,PECLL,2025-09-18T17:00,2025-09-19T11:12,2025-09,0.0,29.1,2.6,482.8,481.2,0,PECLL,0,ok
C005,C005-1,202515-1-PECLL-CLMJS,63,PECLL,CLMJS,2025-09-19T11:48,2025-09-22T08:12,2025-09,785.5,69.0,44.3,480.9,436.9,0,CLMJS|PECLL,0,ok
C005,C005-1,202515-1-PECLL-CLMJS,64,CLMJS,CLMJS,2025-09-22T15:00,2025-09-24T00:06,2025-09,0.0,39.9,6.1,436.2,430.8,0,CLMJS,0,ok
C005,C005-1,202515-2-CLMJS-PECLL,65,CLMJS,PECLL,2025-09-24T00:36,2025-09-30T09:00,2025-09,780.5,152.9,44.2,430.5,481.6,1,CLMJS|PECLL,0,ok
C005,C005-1,202515-2-CLMJS-PECLL,66,PECLL,PECLL,2025-09-30T17:00,2025-10-01T12:00,2025-09,0.0,27.0,2.1,481.0,479.5,0,PECLL,0,ok
C005,C005-1,202516-1-PECLL-CLBAR,67,PECLL,CLBAR,2025-10-01T12:30,2025-10-09T03:54,2025-10,951.5,183.9,60.2,479.2,419.3,0,CLBAR|PECLL,0,ok
C005,C005-1,202516-1-PECLL-CLBAR,68,CLBAR,CLBAR,2025-10-09T15:00,2025-10-11T01:48,2025-10,0.0,45.9,6.8,417.9,412.5,0,CLBAR,0,ok
C005,C005-1,202516-2-CLBAR-PECLL,69,CLBAR,PECLL,2025-10-11T02:18,2025-10-14T10:48,2025-10,943.5,81.0,46.0,412.1,366.5,0,CLBAR|PECLL,0,ok
C005,C005-1,202516-2-CLBAR-PECLL,70,PECLL,PECLL,2025-10-14T17:00,2025-10-15T16:18,2025-10,0.0,29.5,2.8,366.0,363.7,0,PECLL,0,ok
C005,C005-1,202517-1-PECLL-CLMJS,71,PECLL,CLMJS,2025-10-15T16:36,2025-10-18T13:00,2025-10,815.59,68.7,45.6,363.5,318.1,0,CLMJS|PECLL,0,ok
C005,C005-1,202517-1-PECLL-CLMJS,72,CLMJS,CLMJS,2025-10-18T15:00,2025-10-20T05:06,2025-10,0.0,40.1,6.2,317.9,311.9,0,CLMJS,0,ok
C005,C005-1,202517-2-CLMJS-PECLL,73,CLMJS,PECLL,2025-10-20T05:30,2025-10-22T17:48,2025-10,794.39,60.7,38.2,311.7,273.7,0,CLMJS|PECLL,0,ok
C005,C005-1,202517-2-CLMJS-PECLL,74,PECLL,PECLL,2025-10-23T17:00,2025-10-23T23:18,2025-10,0.0,29.5,2.7,271.5,271.0,0,PECLL,0,ok
C005,C005-1,202518-1-PECLL-CLMJS,75,PECLL,CLMJS,2025-10-23T23:42,2025-10-27T15:18,2025-10,780.3,88.0,47.5,270.8,223.5,0,CLMJS|PECLL,0,ok
C005,C005-1,202518-1-PECLL-CLMJS,76,CLMJS,CLMJS,2025-10-28T15:00,2025-10-29T09:12,2025-10,0.0,41.9,6.8,219.7,216.7,0,CLMJS,0,ok
C005,C005-1,202518-2-CLMJS-PECLL,77,CLMJS,PECLL,2025-10-29T09:30,2025-11-01T19:06,2025-10,781.9,81.9,37.5,216.5,179.2,0,CLMJS|PECLL,0,ok
C005,C005-1,202518-2-CLMJS-PECLL,78,PECLL,PECLL,2025-11-02T17:00,2025-11-02T22:06,2025-11,0.0,27.0,2.2,177.4,177.0,0,PECLL,0,ok
C005,C005-1,202519-1-PECLL-CLMJS,79,PECLL,CLMJS,2025-11-02T22:36,2025-11-07T12:18,2025-11,945.1,110.2,44.4,176.8,132.6,0,CLMJS|PECLL,0,ok
C005,C005-1,202519-1-PECLL-CLMJS,80,CLMJS,CLMJS,2025-11-07T15:00,2025-11-09T02:42,2025-11,0.0,38.4,5.4,132.3,127.2,0,CLMJS,0,ok
C005,C005-1,202519-2-CLMJS-PECLL,81,CLMJS,PECLL,2025-11-09T02:54,2025-11-11T14:06,2025-11,789.6,59.4,36.7,127.0,90.5,0,CLMJS|PECLL,0,ok
C005,C005-1,202519-2-CLMJS-PECLL,82,PECLL,PECLL,2025-11-11T17:00,2025-11-12T18:16,2025-11,0.0,28.17,2.1,90.3,88.4,0,PECLL,0,ok
C005,C005-1,202520-1-PECLL-CLMJS,83,PECLL,CLMJS,2025-11-13T09:42,2025-11-24T19:18,2025-11,1117.86,289.03,65.2,787.1,723.2,0,CLMJS|PECLL,0,ok
C005,C005-1,202520-1-PECLL-CLMJS,84,CLMJS,CLMJS,2025-11-25T15:00,2025-11-26T10:42,2025-11,0.0,39.4,6.6,720.0,716.6,0,CLMJS,0,ok
C005,C005-1,202520-2-CLMJS-PECLL,85,CLMJS,PECLL,2025-11-26T10:48,2025-12-02T01:36,2025-11,786.64,134.9,47.1,716.4,669.5,0,CLMJS|PECLL,0,ok
C005,C005-1,202520-2-CLMJS-PECLL,86,PECLL,PECLL,2025-12-02T17:00,2025-12-03T03:54,2025-12,0.0,26.3,3.6,667.6,665.9,0,PECLL,0,ok
C005,C005-1,202521-1-PECLL-CLMJS,87,PECLL,CLMJS,2025-12-03T04:24,2025-12-20T04:00,2025-12,1212.9,408.1,86.8,665.4,579.1,0,CLMJS|PECLL,0,ok
C005,C005-1,202521-1-PECLL-CLMJS,88,CLMJS,CLMJS,2025-12-20T15:00,2025-12-21T17:24,2025-12,0.04,37.4,7.0,577.3,572.1,0,CLMJS,0,ok
C005,C005-1,202521-2-CLMJS-PECLL,89,CLMJS,PECLL,2025-12-21T17:36,2025-12-24T08:18,2025-12,782.83,62.9,40.7,571.9,531.4,0,CLMJS|PECLL,0,ok
C005,C005-1,202521-2-CLMJS-PECLL,90,PECLL,PECLL,2025-12-24T17:00,2025-12-25T17:00,2025-12,10.85,32.7,4.1,530.2,527.3,0,PECLL,0,ok
C005,C005-1,202522-1-PECLL-CLMJS,91,PECLL,CLMJS,2025-12-25T18:12,2025-12-30T15:00,2025-12,853.04,118.0,49.6,527.0,477.7,0,CLMJS|PECLL,0,ok
